--
-- PostgreSQL database dump
--

-- Dumped from database version 16.2
-- Dumped by pg_dump version 16.2

SET statement_timeout = 0;
SET lock_timeout = 0;
SET idle_in_transaction_session_timeout = 0;
SET client_encoding = 'UTF8';
SET standard_conforming_strings = on;
SELECT pg_catalog.set_config('search_path', '', false);
SET check_function_bodies = false;
SET xmloption = content;
SET client_min_messages = warning;
SET row_security = off;

SET default_tablespace = '';

SET default_table_access_method = heap;

--
-- Name: accounts_account; Type: TABLE; Schema: public; Owner: postgres
--

CREATE TABLE public.accounts_account (
    id bigint NOT NULL,
    role character varying(20) NOT NULL,
    telephone character varying(100) NOT NULL,
    address text NOT NULL,
    user_id integer NOT NULL,
    avatar character varying(100)
);


ALTER TABLE public.accounts_account OWNER TO postgres;

--
-- Name: accounts_account_id_seq; Type: SEQUENCE; Schema: public; Owner: postgres
--

ALTER TABLE public.accounts_account ALTER COLUMN id ADD GENERATED BY DEFAULT AS IDENTITY (
    SEQUENCE NAME public.accounts_account_id_seq
    START WITH 1
    INCREMENT BY 1
    NO MINVALUE
    NO MAXVALUE
    CACHE 1
);


--
-- Name: auth_group; Type: TABLE; Schema: public; Owner: postgres
--

CREATE TABLE public.auth_group (
    id integer NOT NULL,
    name character varying(150) NOT NULL
);


ALTER TABLE public.auth_group OWNER TO postgres;

--
-- Name: auth_group_id_seq; Type: SEQUENCE; Schema: public; Owner: postgres
--

ALTER TABLE public.auth_group ALTER COLUMN id ADD GENERATED BY DEFAULT AS IDENTITY (
    SEQUENCE NAME public.auth_group_id_seq
    START WITH 1
    INCREMENT BY 1
    NO MINVALUE
    NO MAXVALUE
    CACHE 1
);


--
-- Name: auth_group_permissions; Type: TABLE; Schema: public; Owner: postgres
--

CREATE TABLE public.auth_group_permissions (
    id bigint NOT NULL,
    group_id integer NOT NULL,
    permission_id integer NOT NULL
);


ALTER TABLE public.auth_group_permissions OWNER TO postgres;

--
-- Name: auth_group_permissions_id_seq; Type: SEQUENCE; Schema: public; Owner: postgres
--

ALTER TABLE public.auth_group_permissions ALTER COLUMN id ADD GENERATED BY DEFAULT AS IDENTITY (
    SEQUENCE NAME public.auth_group_permissions_id_seq
    START WITH 1
    INCREMENT BY 1
    NO MINVALUE
    NO MAXVALUE
    CACHE 1
);


--
-- Name: auth_permission; Type: TABLE; Schema: public; Owner: postgres
--

CREATE TABLE public.auth_permission (
    id integer NOT NULL,
    name character varying(255) NOT NULL,
    content_type_id integer NOT NULL,
    codename character varying(100) NOT NULL
);


ALTER TABLE public.auth_permission OWNER TO postgres;

--
-- Name: auth_permission_id_seq; Type: SEQUENCE; Schema: public; Owner: postgres
--

ALTER TABLE public.auth_permission ALTER COLUMN id ADD GENERATED BY DEFAULT AS IDENTITY (
    SEQUENCE NAME public.auth_permission_id_seq
    START WITH 1
    INCREMENT BY 1
    NO MINVALUE
    NO MAXVALUE
    CACHE 1
);


--
-- Name: auth_user; Type: TABLE; Schema: public; Owner: postgres
--

CREATE TABLE public.auth_user (
    id integer NOT NULL,
    password character varying(128) NOT NULL,
    last_login timestamp with time zone,
    is_superuser boolean NOT NULL,
    username character varying(150) NOT NULL,
    first_name character varying(150) NOT NULL,
    last_name character varying(150) NOT NULL,
    email character varying(254) NOT NULL,
    is_staff boolean NOT NULL,
    is_active boolean NOT NULL,
    date_joined timestamp with time zone NOT NULL
);


ALTER TABLE public.auth_user OWNER TO postgres;

--
-- Name: auth_user_groups; Type: TABLE; Schema: public; Owner: postgres
--

CREATE TABLE public.auth_user_groups (
    id bigint NOT NULL,
    user_id integer NOT NULL,
    group_id integer NOT NULL
);


ALTER TABLE public.auth_user_groups OWNER TO postgres;

--
-- Name: auth_user_groups_id_seq; Type: SEQUENCE; Schema: public; Owner: postgres
--

ALTER TABLE public.auth_user_groups ALTER COLUMN id ADD GENERATED BY DEFAULT AS IDENTITY (
    SEQUENCE NAME public.auth_user_groups_id_seq
    START WITH 1
    INCREMENT BY 1
    NO MINVALUE
    NO MAXVALUE
    CACHE 1
);


--
-- Name: auth_user_id_seq; Type: SEQUENCE; Schema: public; Owner: postgres
--

ALTER TABLE public.auth_user ALTER COLUMN id ADD GENERATED BY DEFAULT AS IDENTITY (
    SEQUENCE NAME public.auth_user_id_seq
    START WITH 1
    INCREMENT BY 1
    NO MINVALUE
    NO MAXVALUE
    CACHE 1
);


--
-- Name: auth_user_user_permissions; Type: TABLE; Schema: public; Owner: postgres
--

CREATE TABLE public.auth_user_user_permissions (
    id bigint NOT NULL,
    user_id integer NOT NULL,
    permission_id integer NOT NULL
);


ALTER TABLE public.auth_user_user_permissions OWNER TO postgres;

--
-- Name: auth_user_user_permissions_id_seq; Type: SEQUENCE; Schema: public; Owner: postgres
--

ALTER TABLE public.auth_user_user_permissions ALTER COLUMN id ADD GENERATED BY DEFAULT AS IDENTITY (
    SEQUENCE NAME public.auth_user_user_permissions_id_seq
    START WITH 1
    INCREMENT BY 1
    NO MINVALUE
    NO MAXVALUE
    CACHE 1
);


--
-- Name: builds_build; Type: TABLE; Schema: public; Owner: postgres
--

CREATE TABLE public.builds_build (
    id bigint NOT NULL,
    created_at timestamp with time zone NOT NULL,
    god_id bigint NOT NULL,
    starter_item_id bigint NOT NULL,
    user_id integer NOT NULL,
    is_random boolean NOT NULL
);


ALTER TABLE public.builds_build OWNER TO postgres;

--
-- Name: builds_build_id_seq; Type: SEQUENCE; Schema: public; Owner: postgres
--

ALTER TABLE public.builds_build ALTER COLUMN id ADD GENERATED BY DEFAULT AS IDENTITY (
    SEQUENCE NAME public.builds_build_id_seq
    START WITH 1
    INCREMENT BY 1
    NO MINVALUE
    NO MAXVALUE
    CACHE 1
);


--
-- Name: builds_build_passive_items; Type: TABLE; Schema: public; Owner: postgres
--

CREATE TABLE public.builds_build_passive_items (
    id bigint NOT NULL,
    build_id bigint NOT NULL,
    item_id bigint NOT NULL
);


ALTER TABLE public.builds_build_passive_items OWNER TO postgres;

--
-- Name: builds_build_passive_items_id_seq; Type: SEQUENCE; Schema: public; Owner: postgres
--

ALTER TABLE public.builds_build_passive_items ALTER COLUMN id ADD GENERATED BY DEFAULT AS IDENTITY (
    SEQUENCE NAME public.builds_build_passive_items_id_seq
    START WITH 1
    INCREMENT BY 1
    NO MINVALUE
    NO MAXVALUE
    CACHE 1
);


--
-- Name: builds_build_relics; Type: TABLE; Schema: public; Owner: postgres
--

CREATE TABLE public.builds_build_relics (
    id bigint NOT NULL,
    build_id bigint NOT NULL,
    item_id bigint NOT NULL
);


ALTER TABLE public.builds_build_relics OWNER TO postgres;

--
-- Name: builds_build_relics_id_seq; Type: SEQUENCE; Schema: public; Owner: postgres
--

ALTER TABLE public.builds_build_relics ALTER COLUMN id ADD GENERATED BY DEFAULT AS IDENTITY (
    SEQUENCE NAME public.builds_build_relics_id_seq
    START WITH 1
    INCREMENT BY 1
    NO MINVALUE
    NO MAXVALUE
    CACHE 1
);


--
-- Name: builds_buildrating; Type: TABLE; Schema: public; Owner: postgres
--

CREATE TABLE public.builds_buildrating (
    id bigint NOT NULL,
    rating integer NOT NULL,
    comment text,
    created_at timestamp with time zone NOT NULL,
    build_id bigint NOT NULL,
    user_id integer NOT NULL
);


ALTER TABLE public.builds_buildrating OWNER TO postgres;

--
-- Name: builds_buildrating_id_seq; Type: SEQUENCE; Schema: public; Owner: postgres
--

ALTER TABLE public.builds_buildrating ALTER COLUMN id ADD GENERATED BY DEFAULT AS IDENTITY (
    SEQUENCE NAME public.builds_buildrating_id_seq
    START WITH 1
    INCREMENT BY 1
    NO MINVALUE
    NO MAXVALUE
    CACHE 1
);


--
-- Name: chat_chatroom; Type: TABLE; Schema: public; Owner: postgres
--

CREATE TABLE public.chat_chatroom (
    id bigint NOT NULL,
    name character varying(100),
    created_at timestamp with time zone NOT NULL,
    updated_at timestamp with time zone NOT NULL
);


ALTER TABLE public.chat_chatroom OWNER TO postgres;

--
-- Name: chat_chatroom_id_seq; Type: SEQUENCE; Schema: public; Owner: postgres
--

ALTER TABLE public.chat_chatroom ALTER COLUMN id ADD GENERATED BY DEFAULT AS IDENTITY (
    SEQUENCE NAME public.chat_chatroom_id_seq
    START WITH 1
    INCREMENT BY 1
    NO MINVALUE
    NO MAXVALUE
    CACHE 1
);


--
-- Name: chat_chatroom_participants; Type: TABLE; Schema: public; Owner: postgres
--

CREATE TABLE public.chat_chatroom_participants (
    id bigint NOT NULL,
    chatroom_id bigint NOT NULL,
    user_id integer NOT NULL
);


ALTER TABLE public.chat_chatroom_participants OWNER TO postgres;

--
-- Name: chat_chatroom_participants_id_seq; Type: SEQUENCE; Schema: public; Owner: postgres
--

ALTER TABLE public.chat_chatroom_participants ALTER COLUMN id ADD GENERATED BY DEFAULT AS IDENTITY (
    SEQUENCE NAME public.chat_chatroom_participants_id_seq
    START WITH 1
    INCREMENT BY 1
    NO MINVALUE
    NO MAXVALUE
    CACHE 1
);


--
-- Name: chat_message; Type: TABLE; Schema: public; Owner: postgres
--

CREATE TABLE public.chat_message (
    id bigint NOT NULL,
    content text NOT NULL,
    "timestamp" timestamp with time zone NOT NULL,
    is_read boolean NOT NULL,
    chat_room_id bigint NOT NULL,
    sender_id integer NOT NULL
);


ALTER TABLE public.chat_message OWNER TO postgres;

--
-- Name: chat_message_id_seq; Type: SEQUENCE; Schema: public; Owner: postgres
--

ALTER TABLE public.chat_message ALTER COLUMN id ADD GENERATED BY DEFAULT AS IDENTITY (
    SEQUENCE NAME public.chat_message_id_seq
    START WITH 1
    INCREMENT BY 1
    NO MINVALUE
    NO MAXVALUE
    CACHE 1
);


--
-- Name: dioses_ability; Type: TABLE; Schema: public; Owner: postgres
--

CREATE TABLE public.dioses_ability (
    id bigint NOT NULL,
    name character varying(100) NOT NULL,
    ability_type character varying(50) NOT NULL,
    description text NOT NULL,
    range double precision NOT NULL,
    radius double precision NOT NULL,
    image character varying(100)
);


ALTER TABLE public.dioses_ability OWNER TO postgres;

--
-- Name: dioses_ability_id_seq; Type: SEQUENCE; Schema: public; Owner: postgres
--

ALTER TABLE public.dioses_ability ALTER COLUMN id ADD GENERATED BY DEFAULT AS IDENTITY (
    SEQUENCE NAME public.dioses_ability_id_seq
    START WITH 1
    INCREMENT BY 1
    NO MINVALUE
    NO MAXVALUE
    CACHE 1
);


--
-- Name: dioses_god; Type: TABLE; Schema: public; Owner: postgres
--

CREATE TABLE public.dioses_god (
    id bigint NOT NULL,
    name character varying(100) NOT NULL,
    pantheon character varying(50) NOT NULL,
    role character varying(20) NOT NULL,
    health character varying(50) NOT NULL,
    mana character varying(50) NOT NULL,
    speed character varying(50) NOT NULL,
    power character varying(10) NOT NULL,
    attack_speed character varying(50) NOT NULL,
    progresion character varying(50) NOT NULL,
    proteccion_fisica character varying(50) NOT NULL,
    proteccion_magica character varying(50) NOT NULL,
    hp5 character varying(50) NOT NULL,
    mp5 character varying(50) NOT NULL,
    lore text NOT NULL,
    image character varying(100),
    difficulty character varying(10) NOT NULL,
    damage character varying(50) NOT NULL
);


ALTER TABLE public.dioses_god OWNER TO postgres;

--
-- Name: dioses_god_abilities; Type: TABLE; Schema: public; Owner: postgres
--

CREATE TABLE public.dioses_god_abilities (
    id bigint NOT NULL,
    god_id bigint NOT NULL,
    ability_id bigint NOT NULL
);


ALTER TABLE public.dioses_god_abilities OWNER TO postgres;

--
-- Name: dioses_god_abilities_id_seq; Type: SEQUENCE; Schema: public; Owner: postgres
--

ALTER TABLE public.dioses_god_abilities ALTER COLUMN id ADD GENERATED BY DEFAULT AS IDENTITY (
    SEQUENCE NAME public.dioses_god_abilities_id_seq
    START WITH 1
    INCREMENT BY 1
    NO MINVALUE
    NO MAXVALUE
    CACHE 1
);


--
-- Name: dioses_god_id_seq; Type: SEQUENCE; Schema: public; Owner: postgres
--

ALTER TABLE public.dioses_god ALTER COLUMN id ADD GENERATED BY DEFAULT AS IDENTITY (
    SEQUENCE NAME public.dioses_god_id_seq
    START WITH 1
    INCREMENT BY 1
    NO MINVALUE
    NO MAXVALUE
    CACHE 1
);


--
-- Name: django_admin_log; Type: TABLE; Schema: public; Owner: postgres
--

CREATE TABLE public.django_admin_log (
    id integer NOT NULL,
    action_time timestamp with time zone NOT NULL,
    object_id text,
    object_repr character varying(200) NOT NULL,
    action_flag smallint NOT NULL,
    change_message text NOT NULL,
    content_type_id integer,
    user_id integer NOT NULL,
    CONSTRAINT django_admin_log_action_flag_check CHECK ((action_flag >= 0))
);


ALTER TABLE public.django_admin_log OWNER TO postgres;

--
-- Name: django_admin_log_id_seq; Type: SEQUENCE; Schema: public; Owner: postgres
--

ALTER TABLE public.django_admin_log ALTER COLUMN id ADD GENERATED BY DEFAULT AS IDENTITY (
    SEQUENCE NAME public.django_admin_log_id_seq
    START WITH 1
    INCREMENT BY 1
    NO MINVALUE
    NO MAXVALUE
    CACHE 1
);


--
-- Name: django_content_type; Type: TABLE; Schema: public; Owner: postgres
--

CREATE TABLE public.django_content_type (
    id integer NOT NULL,
    app_label character varying(100) NOT NULL,
    model character varying(100) NOT NULL
);


ALTER TABLE public.django_content_type OWNER TO postgres;

--
-- Name: django_content_type_id_seq; Type: SEQUENCE; Schema: public; Owner: postgres
--

ALTER TABLE public.django_content_type ALTER COLUMN id ADD GENERATED BY DEFAULT AS IDENTITY (
    SEQUENCE NAME public.django_content_type_id_seq
    START WITH 1
    INCREMENT BY 1
    NO MINVALUE
    NO MAXVALUE
    CACHE 1
);


--
-- Name: django_migrations; Type: TABLE; Schema: public; Owner: postgres
--

CREATE TABLE public.django_migrations (
    id bigint NOT NULL,
    app character varying(255) NOT NULL,
    name character varying(255) NOT NULL,
    applied timestamp with time zone NOT NULL
);


ALTER TABLE public.django_migrations OWNER TO postgres;

--
-- Name: django_migrations_id_seq; Type: SEQUENCE; Schema: public; Owner: postgres
--

ALTER TABLE public.django_migrations ALTER COLUMN id ADD GENERATED BY DEFAULT AS IDENTITY (
    SEQUENCE NAME public.django_migrations_id_seq
    START WITH 1
    INCREMENT BY 1
    NO MINVALUE
    NO MAXVALUE
    CACHE 1
);


--
-- Name: django_session; Type: TABLE; Schema: public; Owner: postgres
--

CREATE TABLE public.django_session (
    session_key character varying(40) NOT NULL,
    session_data text NOT NULL,
    expire_date timestamp with time zone NOT NULL
);


ALTER TABLE public.django_session OWNER TO postgres;

--
-- Name: forum_category; Type: TABLE; Schema: public; Owner: postgres
--

CREATE TABLE public.forum_category (
    id bigint NOT NULL,
    name character varying(100) NOT NULL,
    slug character varying(50) NOT NULL
);


ALTER TABLE public.forum_category OWNER TO postgres;

--
-- Name: forum_category_id_seq; Type: SEQUENCE; Schema: public; Owner: postgres
--

ALTER TABLE public.forum_category ALTER COLUMN id ADD GENERATED BY DEFAULT AS IDENTITY (
    SEQUENCE NAME public.forum_category_id_seq
    START WITH 1
    INCREMENT BY 1
    NO MINVALUE
    NO MAXVALUE
    CACHE 1
);


--
-- Name: forum_comment; Type: TABLE; Schema: public; Owner: postgres
--

CREATE TABLE public.forum_comment (
    id bigint NOT NULL,
    content text NOT NULL,
    created_at timestamp with time zone NOT NULL,
    author_id integer NOT NULL,
    post_id bigint NOT NULL
);


ALTER TABLE public.forum_comment OWNER TO postgres;

--
-- Name: forum_comment_id_seq; Type: SEQUENCE; Schema: public; Owner: postgres
--

ALTER TABLE public.forum_comment ALTER COLUMN id ADD GENERATED BY DEFAULT AS IDENTITY (
    SEQUENCE NAME public.forum_comment_id_seq
    START WITH 1
    INCREMENT BY 1
    NO MINVALUE
    NO MAXVALUE
    CACHE 1
);


--
-- Name: forum_post; Type: TABLE; Schema: public; Owner: postgres
--

CREATE TABLE public.forum_post (
    id bigint NOT NULL,
    title character varying(200) NOT NULL,
    content text NOT NULL,
    created_at timestamp with time zone NOT NULL,
    updated_at timestamp with time zone NOT NULL,
    author_id integer NOT NULL,
    category_id bigint,
    views integer NOT NULL,
    CONSTRAINT forum_post_views_check CHECK ((views >= 0))
);


ALTER TABLE public.forum_post OWNER TO postgres;

--
-- Name: forum_post_id_seq; Type: SEQUENCE; Schema: public; Owner: postgres
--

ALTER TABLE public.forum_post ALTER COLUMN id ADD GENERATED BY DEFAULT AS IDENTITY (
    SEQUENCE NAME public.forum_post_id_seq
    START WITH 1
    INCREMENT BY 1
    NO MINVALUE
    NO MAXVALUE
    CACHE 1
);


--
-- Name: gamemodes_gamemode; Type: TABLE; Schema: public; Owner: postgres
--

CREATE TABLE public.gamemodes_gamemode (
    id bigint NOT NULL,
    name character varying(100) NOT NULL,
    description text,
    image character varying(100),
    minimap character varying(100),
    resume text,
    statistics jsonb,
    unique_gameplay_mechanics text
);


ALTER TABLE public.gamemodes_gamemode OWNER TO postgres;

--
-- Name: gamemodes_gamemode_id_seq; Type: SEQUENCE; Schema: public; Owner: postgres
--

ALTER TABLE public.gamemodes_gamemode ALTER COLUMN id ADD GENERATED BY DEFAULT AS IDENTITY (
    SEQUENCE NAME public.gamemodes_gamemode_id_seq
    START WITH 1
    INCREMENT BY 1
    NO MINVALUE
    NO MAXVALUE
    CACHE 1
);


--
-- Name: gamemodes_gamemode_jungle_camps; Type: TABLE; Schema: public; Owner: postgres
--

CREATE TABLE public.gamemodes_gamemode_jungle_camps (
    id bigint NOT NULL,
    gamemode_id bigint NOT NULL,
    junglecamp_id bigint NOT NULL
);


ALTER TABLE public.gamemodes_gamemode_jungle_camps OWNER TO postgres;

--
-- Name: gamemodes_gamemode_jungle_camps_id_seq; Type: SEQUENCE; Schema: public; Owner: postgres
--

ALTER TABLE public.gamemodes_gamemode_jungle_camps ALTER COLUMN id ADD GENERATED BY DEFAULT AS IDENTITY (
    SEQUENCE NAME public.gamemodes_gamemode_jungle_camps_id_seq
    START WITH 1
    INCREMENT BY 1
    NO MINVALUE
    NO MAXVALUE
    CACHE 1
);


--
-- Name: gamemodes_junglecamp; Type: TABLE; Schema: public; Owner: postgres
--

CREATE TABLE public.gamemodes_junglecamp (
    id bigint NOT NULL,
    name character varying(100) NOT NULL,
    description text NOT NULL
);


ALTER TABLE public.gamemodes_junglecamp OWNER TO postgres;

--
-- Name: gamemodes_junglecamp_id_seq; Type: SEQUENCE; Schema: public; Owner: postgres
--

ALTER TABLE public.gamemodes_junglecamp ALTER COLUMN id ADD GENERATED BY DEFAULT AS IDENTITY (
    SEQUENCE NAME public.gamemodes_junglecamp_id_seq
    START WITH 1
    INCREMENT BY 1
    NO MINVALUE
    NO MAXVALUE
    CACHE 1
);


--
-- Name: news_abilitybalance; Type: TABLE; Schema: public; Owner: postgres
--

CREATE TABLE public.news_abilitybalance (
    id bigint NOT NULL,
    change_description text NOT NULL,
    ability_id bigint NOT NULL,
    god_balance_id bigint NOT NULL
);


ALTER TABLE public.news_abilitybalance OWNER TO postgres;

--
-- Name: news_abilitybalance_id_seq; Type: SEQUENCE; Schema: public; Owner: postgres
--

ALTER TABLE public.news_abilitybalance ALTER COLUMN id ADD GENERATED BY DEFAULT AS IDENTITY (
    SEQUENCE NAME public.news_abilitybalance_id_seq
    START WITH 1
    INCREMENT BY 1
    NO MINVALUE
    NO MAXVALUE
    CACHE 1
);


--
-- Name: news_event; Type: TABLE; Schema: public; Owner: postgres
--

CREATE TABLE public.news_event (
    id bigint NOT NULL,
    title character varying(255) NOT NULL,
    publication_date date NOT NULL,
    image character varying(100),
    description text NOT NULL,
    standard_tracks text NOT NULL,
    quests jsonb NOT NULL
);


ALTER TABLE public.news_event OWNER TO postgres;

--
-- Name: news_event_id_seq; Type: SEQUENCE; Schema: public; Owner: postgres
--

ALTER TABLE public.news_event ALTER COLUMN id ADD GENERATED BY DEFAULT AS IDENTITY (
    SEQUENCE NAME public.news_event_id_seq
    START WITH 1
    INCREMENT BY 1
    NO MINVALUE
    NO MAXVALUE
    CACHE 1
);


--
-- Name: news_godbalance; Type: TABLE; Schema: public; Owner: postgres
--

CREATE TABLE public.news_godbalance (
    id bigint NOT NULL,
    change_type character varying(10) NOT NULL,
    general_change text,
    god_id bigint NOT NULL,
    patch_id bigint NOT NULL
);


ALTER TABLE public.news_godbalance OWNER TO postgres;

--
-- Name: news_godbalance_id_seq; Type: SEQUENCE; Schema: public; Owner: postgres
--

ALTER TABLE public.news_godbalance ALTER COLUMN id ADD GENERATED BY DEFAULT AS IDENTITY (
    SEQUENCE NAME public.news_godbalance_id_seq
    START WITH 1
    INCREMENT BY 1
    NO MINVALUE
    NO MAXVALUE
    CACHE 1
);


--
-- Name: news_itembalance; Type: TABLE; Schema: public; Owner: postgres
--

CREATE TABLE public.news_itembalance (
    id bigint NOT NULL,
    change_description text NOT NULL,
    change_type character varying(10) NOT NULL,
    item_id bigint NOT NULL,
    patch_id bigint NOT NULL
);


ALTER TABLE public.news_itembalance OWNER TO postgres;

--
-- Name: news_itembalance_id_seq; Type: SEQUENCE; Schema: public; Owner: postgres
--

ALTER TABLE public.news_itembalance ALTER COLUMN id ADD GENERATED BY DEFAULT AS IDENTITY (
    SEQUENCE NAME public.news_itembalance_id_seq
    START WITH 1
    INCREMENT BY 1
    NO MINVALUE
    NO MAXVALUE
    CACHE 1
);


--
-- Name: news_patchnotes; Type: TABLE; Schema: public; Owner: postgres
--

CREATE TABLE public.news_patchnotes (
    id bigint NOT NULL,
    title character varying(255) NOT NULL,
    publication_date date NOT NULL,
    image character varying(100),
    game_modes text,
    new_god_skin character varying(255),
    new_voice_pack character varying(255),
    new_god_skin_voice_actors text
);


ALTER TABLE public.news_patchnotes OWNER TO postgres;

--
-- Name: news_patchnotes_id_seq; Type: SEQUENCE; Schema: public; Owner: postgres
--

ALTER TABLE public.news_patchnotes ALTER COLUMN id ADD GENERATED BY DEFAULT AS IDENTITY (
    SEQUENCE NAME public.news_patchnotes_id_seq
    START WITH 1
    INCREMENT BY 1
    NO MINVALUE
    NO MAXVALUE
    CACHE 1
);


--
-- Name: objetos_item; Type: TABLE; Schema: public; Owner: postgres
--

CREATE TABLE public.objetos_item (
    id bigint NOT NULL,
    name character varying(100) NOT NULL,
    description text NOT NULL,
    price integer NOT NULL,
    tier integer,
    image character varying(100),
    from_item_id bigint,
    stats jsonb NOT NULL,
    total_price integer,
    CONSTRAINT objetos_item_price_check CHECK ((price >= 0)),
    CONSTRAINT objetos_item_total_price_check CHECK ((total_price >= 0))
);


ALTER TABLE public.objetos_item OWNER TO postgres;

--
-- Name: objetos_item_categories; Type: TABLE; Schema: public; Owner: postgres
--

CREATE TABLE public.objetos_item_categories (
    id bigint NOT NULL,
    item_id bigint NOT NULL,
    itemcategory_id bigint NOT NULL
);


ALTER TABLE public.objetos_item_categories OWNER TO postgres;

--
-- Name: objetos_item_categories_id_seq; Type: SEQUENCE; Schema: public; Owner: postgres
--

ALTER TABLE public.objetos_item_categories ALTER COLUMN id ADD GENERATED BY DEFAULT AS IDENTITY (
    SEQUENCE NAME public.objetos_item_categories_id_seq
    START WITH 1
    INCREMENT BY 1
    NO MINVALUE
    NO MAXVALUE
    CACHE 1
);


--
-- Name: objetos_item_id_seq; Type: SEQUENCE; Schema: public; Owner: postgres
--

ALTER TABLE public.objetos_item ALTER COLUMN id ADD GENERATED BY DEFAULT AS IDENTITY (
    SEQUENCE NAME public.objetos_item_id_seq
    START WITH 1
    INCREMENT BY 1
    NO MINVALUE
    NO MAXVALUE
    CACHE 1
);


--
-- Name: objetos_itemcategory; Type: TABLE; Schema: public; Owner: postgres
--

CREATE TABLE public.objetos_itemcategory (
    id bigint NOT NULL,
    name character varying(50) NOT NULL
);


ALTER TABLE public.objetos_itemcategory OWNER TO postgres;

--
-- Name: objetos_itemcategory_id_seq; Type: SEQUENCE; Schema: public; Owner: postgres
--

ALTER TABLE public.objetos_itemcategory ALTER COLUMN id ADD GENERATED BY DEFAULT AS IDENTITY (
    SEQUENCE NAME public.objetos_itemcategory_id_seq
    START WITH 1
    INCREMENT BY 1
    NO MINVALUE
    NO MAXVALUE
    CACHE 1
);


--
-- Name: randomizer_randomizerhistory; Type: TABLE; Schema: public; Owner: postgres
--

CREATE TABLE public.randomizer_randomizerhistory (
    id bigint NOT NULL,
    created_at timestamp with time zone NOT NULL,
    build_id bigint,
    god_id bigint,
    user_id integer
);


ALTER TABLE public.randomizer_randomizerhistory OWNER TO postgres;

--
-- Name: randomizer_randomizerhistory_id_seq; Type: SEQUENCE; Schema: public; Owner: postgres
--

ALTER TABLE public.randomizer_randomizerhistory ALTER COLUMN id ADD GENERATED BY DEFAULT AS IDENTITY (
    SEQUENCE NAME public.randomizer_randomizerhistory_id_seq
    START WITH 1
    INCREMENT BY 1
    NO MINVALUE
    NO MAXVALUE
    CACHE 1
);


--
-- Name: stats_godstat; Type: TABLE; Schema: public; Owner: postgres
--

CREATE TABLE public.stats_godstat (
    id bigint NOT NULL,
    usage_count integer NOT NULL,
    win_rate double precision NOT NULL,
    last_updated timestamp with time zone NOT NULL,
    god_id bigint NOT NULL
);


ALTER TABLE public.stats_godstat OWNER TO postgres;

--
-- Name: stats_godstat_id_seq; Type: SEQUENCE; Schema: public; Owner: postgres
--

ALTER TABLE public.stats_godstat ALTER COLUMN id ADD GENERATED BY DEFAULT AS IDENTITY (
    SEQUENCE NAME public.stats_godstat_id_seq
    START WITH 1
    INCREMENT BY 1
    NO MINVALUE
    NO MAXVALUE
    CACHE 1
);


--
-- Name: stats_itemstat; Type: TABLE; Schema: public; Owner: postgres
--

CREATE TABLE public.stats_itemstat (
    id bigint NOT NULL,
    usage_count integer NOT NULL,
    usage_type character varying(10) NOT NULL,
    win_rate double precision NOT NULL,
    last_updated timestamp with time zone NOT NULL,
    item_id bigint NOT NULL
);


ALTER TABLE public.stats_itemstat OWNER TO postgres;

--
-- Name: stats_itemstat_id_seq; Type: SEQUENCE; Schema: public; Owner: postgres
--

ALTER TABLE public.stats_itemstat ALTER COLUMN id ADD GENERATED BY DEFAULT AS IDENTITY (
    SEQUENCE NAME public.stats_itemstat_id_seq
    START WITH 1
    INCREMENT BY 1
    NO MINVALUE
    NO MAXVALUE
    CACHE 1
);


--
-- Name: tierlist_tier; Type: TABLE; Schema: public; Owner: postgres
--

CREATE TABLE public.tierlist_tier (
    id bigint NOT NULL,
    tier character varying(1) NOT NULL,
    god_id bigint NOT NULL,
    tierlist_id bigint NOT NULL,
    notes character varying(200) NOT NULL
);


ALTER TABLE public.tierlist_tier OWNER TO postgres;

--
-- Name: tierlist_tier_id_seq; Type: SEQUENCE; Schema: public; Owner: postgres
--

ALTER TABLE public.tierlist_tier ALTER COLUMN id ADD GENERATED BY DEFAULT AS IDENTITY (
    SEQUENCE NAME public.tierlist_tier_id_seq
    START WITH 1
    INCREMENT BY 1
    NO MINVALUE
    NO MAXVALUE
    CACHE 1
);


--
-- Name: tierlist_tierlist; Type: TABLE; Schema: public; Owner: postgres
--

CREATE TABLE public.tierlist_tierlist (
    id bigint NOT NULL,
    name character varying(100) NOT NULL,
    created_at timestamp with time zone NOT NULL,
    user_id integer NOT NULL,
    description text NOT NULL,
    is_public boolean NOT NULL,
    updated_at timestamp with time zone NOT NULL
);


ALTER TABLE public.tierlist_tierlist OWNER TO postgres;

--
-- Name: tierlist_tierlist_id_seq; Type: SEQUENCE; Schema: public; Owner: postgres
--

ALTER TABLE public.tierlist_tierlist ALTER COLUMN id ADD GENERATED BY DEFAULT AS IDENTITY (
    SEQUENCE NAME public.tierlist_tierlist_id_seq
    START WITH 1
    INCREMENT BY 1
    NO MINVALUE
    NO MAXVALUE
    CACHE 1
);


--
-- Name: tierlist_tierlistcomment; Type: TABLE; Schema: public; Owner: postgres
--

CREATE TABLE public.tierlist_tierlistcomment (
    id bigint NOT NULL,
    text text NOT NULL,
    created_at timestamp with time zone NOT NULL,
    tierlist_id bigint NOT NULL,
    user_id integer NOT NULL
);


ALTER TABLE public.tierlist_tierlistcomment OWNER TO postgres;

--
-- Name: tierlist_tierlistcomment_id_seq; Type: SEQUENCE; Schema: public; Owner: postgres
--

ALTER TABLE public.tierlist_tierlistcomment ALTER COLUMN id ADD GENERATED BY DEFAULT AS IDENTITY (
    SEQUENCE NAME public.tierlist_tierlistcomment_id_seq
    START WITH 1
    INCREMENT BY 1
    NO MINVALUE
    NO MAXVALUE
    CACHE 1
);


--
-- Data for Name: accounts_account; Type: TABLE DATA; Schema: public; Owner: postgres
--

COPY public.accounts_account (id, role, telephone, address, user_id, avatar) FROM stdin;
1	Administrador	633788724	ad	1	avatars/360243845760fc38bb2ae65152f63431.jpg
5	Usuario	6885515002	ad	6	
4	Usuario	6885515001	ad	5	avatars/images.jpg
\.


--
-- Data for Name: auth_group; Type: TABLE DATA; Schema: public; Owner: postgres
--

COPY public.auth_group (id, name) FROM stdin;
\.


--
-- Data for Name: auth_group_permissions; Type: TABLE DATA; Schema: public; Owner: postgres
--

COPY public.auth_group_permissions (id, group_id, permission_id) FROM stdin;
\.


--
-- Data for Name: auth_permission; Type: TABLE DATA; Schema: public; Owner: postgres
--

COPY public.auth_permission (id, name, content_type_id, codename) FROM stdin;
1	Can add log entry	1	add_logentry
2	Can change log entry	1	change_logentry
3	Can delete log entry	1	delete_logentry
4	Can view log entry	1	view_logentry
5	Can add permission	2	add_permission
6	Can change permission	2	change_permission
7	Can delete permission	2	delete_permission
8	Can view permission	2	view_permission
9	Can add group	3	add_group
10	Can change group	3	change_group
11	Can delete group	3	delete_group
12	Can view group	3	view_group
13	Can add user	4	add_user
14	Can change user	4	change_user
15	Can delete user	4	delete_user
16	Can view user	4	view_user
17	Can add content type	5	add_contenttype
18	Can change content type	5	change_contenttype
19	Can delete content type	5	delete_contenttype
20	Can view content type	5	view_contenttype
21	Can add session	6	add_session
22	Can change session	6	change_session
23	Can delete session	6	delete_session
24	Can view session	6	view_session
25	Can add god	7	add_god
26	Can change god	7	change_god
27	Can delete god	7	delete_god
28	Can view god	7	view_god
29	Can add ability	8	add_ability
30	Can change ability	8	change_ability
31	Can delete ability	8	delete_ability
32	Can view ability	8	view_ability
33	Can add account	9	add_account
34	Can change account	9	change_account
35	Can delete account	9	delete_account
36	Can view account	9	view_account
37	Can add item	10	add_item
38	Can change item	10	change_item
39	Can delete item	10	delete_item
40	Can view item	10	view_item
41	Can add item category	11	add_itemcategory
42	Can change item category	11	change_itemcategory
43	Can delete item category	11	delete_itemcategory
44	Can view item category	11	view_itemcategory
45	Can add game mode	12	add_gamemode
46	Can change game mode	12	change_gamemode
47	Can delete game mode	12	delete_gamemode
48	Can view game mode	12	view_gamemode
49	Can add jungle camp	13	add_junglecamp
50	Can change jungle camp	13	change_junglecamp
51	Can delete jungle camp	13	delete_junglecamp
52	Can view jungle camp	13	view_junglecamp
53	Can add event	14	add_event
54	Can change event	14	change_event
55	Can delete event	14	delete_event
56	Can view event	14	view_event
57	Can add patch notes	15	add_patchnotes
58	Can change patch notes	15	change_patchnotes
59	Can delete patch notes	15	delete_patchnotes
60	Can view patch notes	15	view_patchnotes
61	Can add god balance	16	add_godbalance
62	Can change god balance	16	change_godbalance
63	Can delete god balance	16	delete_godbalance
64	Can view god balance	16	view_godbalance
65	Can add item balance	17	add_itembalance
66	Can change item balance	17	change_itembalance
67	Can delete item balance	17	delete_itembalance
68	Can view item balance	17	view_itembalance
69	Can add ability balance	18	add_abilitybalance
70	Can change ability balance	18	change_abilitybalance
71	Can delete ability balance	18	delete_abilitybalance
72	Can view ability balance	18	view_abilitybalance
73	Can add event	19	add_event
74	Can change event	19	change_event
75	Can delete event	19	delete_event
76	Can view event	19	view_event
77	Can add patch notes	20	add_patchnotes
78	Can change patch notes	20	change_patchnotes
79	Can delete patch notes	20	delete_patchnotes
80	Can view patch notes	20	view_patchnotes
81	Can add item balance	21	add_itembalance
82	Can change item balance	21	change_itembalance
83	Can delete item balance	21	delete_itembalance
84	Can view item balance	21	view_itembalance
85	Can add ability balance	22	add_abilitybalance
86	Can change ability balance	22	change_abilitybalance
87	Can delete ability balance	22	delete_abilitybalance
88	Can view ability balance	22	view_abilitybalance
89	Can add god balance	23	add_godbalance
90	Can change god balance	23	change_godbalance
91	Can delete god balance	23	delete_godbalance
92	Can view god balance	23	view_godbalance
93	Can add tier list	24	add_tierlist
94	Can change tier list	24	change_tierlist
95	Can delete tier list	24	delete_tierlist
96	Can view tier list	24	view_tierlist
97	Can add tier	25	add_tier
98	Can change tier	25	change_tier
99	Can delete tier	25	delete_tier
100	Can view tier	25	view_tier
101	Can add tier list comment	26	add_tierlistcomment
102	Can change tier list comment	26	change_tierlistcomment
103	Can delete tier list comment	26	delete_tierlistcomment
104	Can view tier list comment	26	view_tierlistcomment
105	Can add post	27	add_post
106	Can change post	27	change_post
107	Can delete post	27	delete_post
108	Can view post	27	view_post
109	Can add category	28	add_category
110	Can change category	28	change_category
111	Can delete category	28	delete_category
112	Can view category	28	view_category
113	Can add comment	29	add_comment
114	Can change comment	29	change_comment
115	Can delete comment	29	delete_comment
116	Can view comment	29	view_comment
117	Can add build	30	add_build
118	Can change build	30	change_build
119	Can delete build	30	delete_build
120	Can view build	30	view_build
121	Can add randomizer history	31	add_randomizerhistory
122	Can change randomizer history	31	change_randomizerhistory
123	Can delete randomizer history	31	delete_randomizerhistory
124	Can view randomizer history	31	view_randomizerhistory
125	Can add item stat	32	add_itemstat
126	Can change item stat	32	change_itemstat
127	Can delete item stat	32	delete_itemstat
128	Can view item stat	32	view_itemstat
129	Can add god stat	33	add_godstat
130	Can change god stat	33	change_godstat
131	Can delete god stat	33	delete_godstat
132	Can view god stat	33	view_godstat
133	Can add chat room	34	add_chatroom
134	Can change chat room	34	change_chatroom
135	Can delete chat room	34	delete_chatroom
136	Can view chat room	34	view_chatroom
137	Can add message	35	add_message
138	Can change message	35	change_message
139	Can delete message	35	delete_message
140	Can view message	35	view_message
141	Can add build rating	36	add_buildrating
142	Can change build rating	36	change_buildrating
143	Can delete build rating	36	delete_buildrating
144	Can view build rating	36	view_buildrating
\.


--
-- Data for Name: auth_user; Type: TABLE DATA; Schema: public; Owner: postgres
--

COPY public.auth_user (id, password, last_login, is_superuser, username, first_name, last_name, email, is_staff, is_active, date_joined) FROM stdin;
6	pbkdf2_sha256$870000$SQa7zjzohomgv7GkCYfJwz$Oxi5NYEIadCDn4+/YIT5dXz/e8fWnBY3Amk8PmCghqM=	2025-04-04 02:23:40.556939+02	f	duki07				f	t	2025-04-04 02:22:47.309063+02
5	pbkdf2_sha256$870000$dWvJyPvtPi4CaA52iUQ6pP$ZXDMy/8L5d11TwR9fSxQFOnpE6IbD5F6hg9zS5aJCiM=	2025-04-22 13:28:23.96954+02	f	angelito23				f	t	2025-03-25 14:39:30.068267+01
1	pbkdf2_sha256$870000$Q2UHGY0HqYO0ah72D67M4H$ff0rrxZkLxrz+XSWIe82PM/FdjI6nrTq5tL+Ac8Rl0Y=	2025-04-22 13:28:42.863624+02	t	alematcap	Alejandro	Mateo Capilla	alejandromateocapilla@gmail.com	t	t	2025-01-14 16:07:05+01
\.


--
-- Data for Name: auth_user_groups; Type: TABLE DATA; Schema: public; Owner: postgres
--

COPY public.auth_user_groups (id, user_id, group_id) FROM stdin;
\.


--
-- Data for Name: auth_user_user_permissions; Type: TABLE DATA; Schema: public; Owner: postgres
--

COPY public.auth_user_user_permissions (id, user_id, permission_id) FROM stdin;
\.


--
-- Data for Name: builds_build; Type: TABLE DATA; Schema: public; Owner: postgres
--

COPY public.builds_build (id, created_at, god_id, starter_item_id, user_id, is_random) FROM stdin;
1	2025-03-14 15:42:10.175874+01	6	23	1	f
2	2025-03-17 18:16:56.910777+01	1	23	1	f
3	2025-03-17 19:29:51.353402+01	4	23	1	f
4	2025-03-17 19:52:36.879778+01	11	26	1	f
5	2025-03-18 12:40:25.569133+01	12	22	1	f
6	2025-03-18 12:43:25.558392+01	7	27	1	f
7	2025-03-18 12:43:50.121787+01	10	22	1	f
8	2025-03-18 12:44:34.942855+01	11	21	1	f
9	2025-03-18 12:54:11.918081+01	9	21	1	f
10	2025-03-18 12:56:27.581264+01	13	22	1	f
11	2025-03-18 12:58:36.359807+01	4	22	1	f
12	2025-03-18 13:00:12.49927+01	9	27	1	f
13	2025-03-18 13:00:28.080285+01	4	22	1	f
14	2025-03-18 13:01:53.002174+01	7	22	1	f
15	2025-03-18 13:02:33.65235+01	11	21	1	f
16	2025-03-18 13:10:35.001651+01	5	26	1	f
17	2025-03-19 14:05:37.370529+01	10	26	1	f
18	2025-03-19 14:05:58.145581+01	12	26	1	f
19	2025-03-19 14:06:00.213792+01	1	23	1	f
20	2025-03-19 14:06:02.323611+01	8	26	1	f
21	2025-03-19 14:11:22.810349+01	8	28	1	t
22	2025-03-19 15:49:26.302855+01	3	23	1	f
23	2025-03-19 15:49:40.535756+01	1	28	1	t
24	2025-03-19 19:54:41.955809+01	9	23	1	t
25	2025-03-20 13:40:58.436752+01	5	23	1	f
27	2025-03-26 13:15:51.228402+01	13	26	1	t
28	2025-04-04 02:01:21.516241+02	10	28	5	f
29	2025-04-04 02:24:24.674371+02	8	26	6	f
26	2025-03-20 13:41:20.146557+01	12	23	1	t
31	2025-04-07 17:59:54.194779+02	9	23	1	f
32	2025-04-07 18:00:08.387594+02	5	23	1	t
33	2025-04-07 18:04:02.330991+02	5	28	1	t
34	2025-04-08 18:50:42.452374+02	3	23	1	t
\.


--
-- Data for Name: builds_build_passive_items; Type: TABLE DATA; Schema: public; Owner: postgres
--

COPY public.builds_build_passive_items (id, build_id, item_id) FROM stdin;
1	1	36
2	1	40
3	1	17
4	1	29
5	1	31
6	2	36
7	2	40
8	2	17
9	2	29
10	2	31
11	3	37
12	3	38
13	3	39
14	3	29
15	3	30
16	4	32
17	4	33
18	4	29
19	4	30
20	4	31
21	5	2
22	5	11
23	5	12
24	5	14
25	5	26
26	6	1
27	6	35
28	6	37
29	6	6
30	6	41
31	7	32
32	7	33
33	7	34
34	7	40
35	7	11
36	8	36
37	8	37
38	8	21
39	8	23
40	8	31
41	9	35
42	9	38
43	9	39
44	9	17
45	9	23
46	10	41
47	10	11
48	10	12
49	10	18
50	10	23
51	11	3
52	11	36
53	11	38
54	11	20
55	11	27
56	12	5
57	12	38
58	12	11
59	12	17
60	12	31
61	13	6
62	13	20
63	13	27
64	13	29
65	13	30
66	14	34
67	14	35
68	14	6
69	14	21
70	14	31
71	15	36
72	15	37
73	15	11
74	15	27
75	15	31
76	16	36
77	16	39
78	16	40
79	16	17
80	16	31
81	17	33
82	17	34
83	17	38
84	17	29
85	17	30
86	18	34
87	18	37
88	18	38
89	18	30
90	18	31
91	19	36
92	19	38
93	19	17
94	19	29
95	19	31
96	20	34
97	20	36
98	20	37
99	20	40
100	20	29
101	21	34
102	21	37
103	21	39
104	21	29
105	21	30
106	22	37
107	22	38
108	22	39
109	22	40
110	22	17
111	23	38
112	23	39
113	23	17
114	23	29
115	23	31
116	24	32
117	24	33
118	24	37
119	24	38
120	24	29
121	25	34
122	25	17
123	25	29
124	25	30
125	25	31
126	26	33
127	26	39
128	26	29
129	26	30
130	26	31
131	27	34
132	27	40
133	27	17
134	27	29
135	27	31
136	28	37
137	28	38
138	28	39
139	28	29
140	28	31
141	29	36
142	29	39
143	29	40
144	29	17
145	29	29
152	31	32
153	31	37
154	31	38
155	31	39
156	31	29
157	32	37
158	32	39
159	32	40
160	32	29
161	32	31
162	33	34
163	33	38
164	33	39
165	33	40
166	33	31
167	34	37
168	34	38
169	34	40
170	34	30
171	34	31
\.


--
-- Data for Name: builds_build_relics; Type: TABLE DATA; Schema: public; Owner: postgres
--

COPY public.builds_build_relics (id, build_id, item_id) FROM stdin;
1	1	25
2	2	25
3	3	25
4	3	41
5	4	25
6	4	41
7	5	37
8	5	31
9	6	25
10	6	34
11	7	34
12	7	31
13	8	32
14	8	39
15	9	32
16	9	25
17	10	30
18	10	39
19	11	36
20	11	37
21	12	25
22	12	36
23	13	25
24	13	37
25	14	32
26	14	29
27	15	40
28	15	29
29	16	25
30	16	41
31	17	25
32	17	41
33	18	25
34	18	41
35	19	41
36	19	25
37	20	41
38	20	25
39	21	41
40	21	25
41	22	25
42	22	41
43	23	41
44	23	25
45	24	41
46	24	25
47	25	25
48	25	41
49	26	41
50	26	25
51	27	25
52	27	41
53	28	25
54	28	41
55	29	25
56	29	41
59	31	25
60	31	41
61	32	25
62	32	41
63	33	25
64	33	41
65	34	25
66	34	41
\.


--
-- Data for Name: builds_buildrating; Type: TABLE DATA; Schema: public; Owner: postgres
--

COPY public.builds_buildrating (id, rating, comment, created_at, build_id, user_id) FROM stdin;
1	2		2025-04-03 19:32:09.436351+02	25	5
2	5		2025-04-03 19:56:01.983802+02	22	5
3	3		2025-04-04 02:20:15.146764+02	28	1
4	5		2025-04-04 02:23:58.732309+02	28	6
5	3		2025-04-04 20:19:14.934838+02	29	1
\.


--
-- Data for Name: chat_chatroom; Type: TABLE DATA; Schema: public; Owner: postgres
--

COPY public.chat_chatroom (id, name, created_at, updated_at) FROM stdin;
12		2025-04-08 17:56:54.476644+02	2025-04-08 17:56:54.476644+02
11		2025-04-08 17:56:20.964991+02	2025-04-22 13:27:34.730632+02
13		2025-04-08 17:56:59.665928+02	2025-04-22 13:28:09.219538+02
\.


--
-- Data for Name: chat_chatroom_participants; Type: TABLE DATA; Schema: public; Owner: postgres
--

COPY public.chat_chatroom_participants (id, chatroom_id, user_id) FROM stdin;
21	11	1
22	11	5
23	12	1
24	12	6
25	13	1
26	13	5
27	13	6
\.


--
-- Data for Name: chat_message; Type: TABLE DATA; Schema: public; Owner: postgres
--

COPY public.chat_message (id, content, "timestamp", is_read, chat_room_id, sender_id) FROM stdin;
9	Hola	2025-04-08 17:56:35.382937+02	f	11	1
10	bjbih	2025-04-08 18:52:02.039348+02	f	11	1
11	hola	2025-04-22 13:26:57.935653+02	f	11	1
12	que tal	2025-04-22 13:27:34.72563+02	f	11	1
13	sisi	2025-04-22 13:28:09.210084+02	t	13	1
\.


--
-- Data for Name: dioses_ability; Type: TABLE DATA; Schema: public; Owner: postgres
--

COPY public.dioses_ability (id, name, ability_type, description, range, radius, image) FROM stdin;
31	Yunque del Amanecer	Active 4	Thor se eleva entre las nubes para caer haciendo da├▒o en ├írea a sus adversarios.	200	20	abilities/Icons_Thor_A04.webp
33	Bendici├│n Solar	Active 3	Ra cura a todos los aliados cercanos, restaurando su salud en funci├│n de su poder de habilidad. El ├írea de curaci├│n depende del rango del poder.	55	20	abilities/Icons_Ra_SolarBlessing.webp
5	Centro de Atenci├│n	Passive	Los ataques b├ísicos y habilidades de Afrodita aumentan la velocidad de movimiento de ella y su aliado vinculado.	0	70	abilities/Icons_Aphrodite_Passive.webp
34	Rayo Celestial	Active 1	Ra dispara un rayo de energ├¡a solar a lo largo de una l├¡nea recta, causando da├▒o y cegando a los enemigos en su camino.	80	0	abilities/Icons_Ra_CelestialBeam.webp
35	Luz Divina	Active 2	Ra crea un c├¡rculo de energ├¡a alrededor de ├®l que aumenta el da├▒o y la protecci├│n de los aliados dentro del ├írea.	0	30	abilities/Icons_Ra_DivineLight.webp
36	Dolor Incandescente	Active 4	Ra llama al sol, causando una gran explosi├│n que deriva en un rayo en l├¡nea recta que genera un gran da├▒o en sus enemigos.	120	0	abilities/Icons_Ra_SearingPain.webp
37	Velocidad de la Luz	Passive	Los ataques de Ra tienen un porcentaje de probabilidad de causar da├▒o adicional a los enemigos cercanos.	0	0	abilities/Icons_Ra_Passive.webp
22	Sobrecarga	Passive	Los ataques y habilidades de Zeus aplican cargas de rayo a los enemigos, aumentando el da├▒o infligido por habilidades futuras.	0	0	abilities/Icons_Zeus_Passive.webp
1	Beso	Active 1	Afrodita lanza un beso que aturde al primer enemigo que golpea. Si golpea a un aliado, los vincula, aumentando el poder de ambos.	55	0	abilities/Icons_Aphrodite_A01.webp
2	┬íRetrocede!	Active 2	Afrodita emite una explosi├│n de energ├¡a, da├▒ando y repeliendo a los enemigos cercanos.	0	0	abilities/Icons_Aphrodite_A02.webp
3	Aves de Amor	Active 3	Afrodita invoca un grupo de aves que vuelan en l├¡nea recta, da├▒ando a los enemigos y curando a los aliados.	70	0	abilities/Icons_Aphrodite_A03.webp
4	Amor Eterno	Active 4	Afrodita y su aliado vinculado se vuelven inmunes a todos los da├▒os y controles de masas por un breve periodo.	0	0	abilities/Icons_Aphrodite_A04.webp
32	Locura del Guerrero	Passive	Cuando Thor lanza habilidades, sus ataques ganan da├▒o adicional por un corto tiempo, potenciando su poder divino.	0	55	abilities/Icons_Thor_Passive.webp
40	Manos de codicia	Active 3	Anubis invoca una maldici├│n en una zona que inflige da├▒o a todos los enemigos dentro de ella.	55	20	abilities/Icons_Anubis_A03.webp
18	Rayo Encadenado	Active 1	Zeus lanza un rayo que rebota entre los enemigos cercanos, infligiendo da├▒o el├®ctrico. Cada impacto aplica una carga de rayo.	55	0	abilities/Icons_Zeus_ChainLightning.webp
19	Asalto Aegis	Active 2	Zeus lanza su ├®gida al suelo, infligiendo da├▒o en el ├írea de impacto. La ├®gida permanece un tiempo, atacando autom├íticamente a los enemigos cercanos.	55	20	abilities/Icons_Zeus_AegisShield.webp
20	Detonar Carga	Active 3	Zeus detona todas las cargas de rayo en los enemigos cercanos, causando da├▒o adicional por cada carga acumulada.	0	0	abilities/Icons_Zeus_DetonateCharge.webp
21	Tormenta de Rayos	Active 4	Zeus invoca una tormenta el├®ctrica en un ├írea espec├¡fica, causando da├▒o continuo a todos los enemigos atrapados en ella.	55	30	abilities/Icons_Zeus_LightningStorm.webp
28	Sinton├¡a de Mjolnir	Active 1	Thor lanza su martillo Mjolnir en l├¡nea recta, causando da├▒o a los enemigos en su camino. El martillo regresa autom├íticamente a Thor.	70	0	abilities/Icons_Thor_A01.webp
29	Ruptura T├®ctonica	Active 2	Thor invoca levanta las placas tect├│nicas aturdiendo a todo aquel que se cruce por su sismo.	70	0	abilities/Icons_Thor_A02.webp
30	Bombardeo Fren├®tico	Active 3	Thor desata una serie de r├ípidos golpes con su martillo, causando da├▒o en el ├írea alrededor de ├®l. Cada golpe inflige da├▒o adicional.	0	20	abilities/Icons_Thor_A03.webp
38	Plaga de Langostas	Active 1	Anubis escupe langostas causando un gran da├▒o a los enemigos que se crucen por su paso.	35	0	abilities/Icons_Anubis_A01.webp
39	Momificar	Active 2	Anubis lanza vendas momificando y dejando aturdidos a sus enemigos.	70	0	abilities/Icons_Anubis_A02.webp
41	Mirada Mortal	Active 4	Anubis lanza un rayo desde sus ojos que causa un gran da├▒o mientras impacta contra sus rivales.	70	0	abilities/Icons_Anubis_A04.webp
42	Tristeza	Passive	Todas las habilidades de Anubis mejoran su robo de vida.	0	0	abilities/Icons_Anubis_Passive.webp
43	Grilletes	Active 1	Ares lanza una cadena que atrapa a los enemigos y los ralentiza mientras inflige da├▒o.	55	0	abilities/Icons_Ares_A01.webp
44	Reforzar las Defensas	Active 2	Ares lanza un poderoso aullido que aumenta el da├▒o de los aliados cercanos.	0	35	abilities/Icons_Ares_A02.webp
45	Devastar la Carne	Active 3	Ares invoca una oleada de fuego que inflige da├▒o a todos los enemigos cercanos.	35	0	abilities/Icons_Ares_A03.webp
46	Sin Escape	Active 4	Ares atrapa a todos los enemigos de su ├írea cercana con sus cadenas dej├índolos aturdidos delante suya.	0	35	abilities/Icons_Ares_A04.webp
47	Presencia Bendita	Passive	Aumenta el da├▒o y la resistencia de Ares cada vez que un enemigo dentro de su rango recibe da├▒o.	0	0	abilities/Icons_Ares_Passive.webp
48	Marejada	Active 1	Poseid├│n invoca un gigantesco tsunami que empuja a los enemigos y les inflige da├▒o.	80	0	abilities/Icons_Poseidon_A01.webp
49	Tridente	Active 2	Poseid├│n lanza su tridente al enemigo, causando da├▒o y ralentiz├índolos por un tiempo.	55	0	abilities/Icons_Poseidon_A02.webp
50	Remolino	Active 3	Poseid├│n crea un ├írea de remolino de agua que silencia a los enemigos, les causa da├▒os y los mueve hacia el centro del remolino.	55	20	abilities/Icons_Poseidon_A03.webp
51	┬íLibera el Kraken!	Active 4	Poseid├│n llama a las criaturas del oc├®ano para atacar a los enemigos cercanos, infligiendo da├▒o en el ├írea.	45	30	abilities/Icons_Poseidon_A04.webp
52	Mareas Cambiantes	Passive	Aumenta el poder de ataque y la velocidad de Poseid├│n cada vez que est├® bajo el agua o cerca de ella.	0	0	abilities/Icons_Poseidon_Passive.webp
53	Destino del Pecador	Active 1	Artemisa coloca una trampa en el suelo que enreda al primer enemigo que la pisa, inmoviliz├índolo y revel├índolo.	40	5	abilities/Icons_Artemis_Fate.webp
55	Asalto Vengativo	Active 2	Artemisa incrementa su poder y velocidad de ataque.	0	0	abilities/Icons_Artemis_Assault.webp
54	Supresor de Insolentes	Active 3	Artemisa dispara una serie de flechas al cielo que caen en un ├írea, infligiendo da├▒o a los enemigos dentro de la zona.	55	15	abilities/Icons_Artemis_Suppress.webp
56	Jabal├¡ de Calid├│n	Active 4	Artemisa invoca un jabal├¡ celestial que persigue y aturde a los enemigos cercanos mientras inflige da├▒o en su camino.	0	60	abilities/Icons_Artemis_Boar.webp
57	A├║n Objetivo	Passive	Cada vez que Artemisa golpea a un enemigo con un ataque b├ísico, aumenta su velocidad de ataque y probabilidad de cr├¡tico temporalmente.	0	0	abilities/Icons_Artemis_Passive.webp
58	Poder├¡o de Gungnir	Active 3	Od├¡n arroja su lanza hacia adelante, infligiendo da├▒o a todos los enemigos en l├¡nea recta y ralentiz├índolos temporalmente.	60	0	abilities/Icons_Odin_A03.webp
59	Embestida	Active 1	Od├¡n salta a una ubicaci├│n objetivo, causando da├▒o al aterrizar y aturdiendo a los enemigos cercanos.	55	20	abilities/Icons_Odin_A01.webp
60	Grito del cuervo	Active 2	Od├¡n desata un grito que otorga velocidad de movimiento adicional a los aliados cercanos y los cura con el tiempo.	20	0	abilities/Icons_Odin_A02.webp
61	Anillo de lanzas	Active 4	Od├¡n invoca un anillo de lanzas alrededor de ├®l, atrapando a los enemigos dentro y aumentando su propia resistencia mientras est├í activo.	0	30	abilities/Icons_Odin_A04.webp
62	Camino al Valhala	Passive	Od├¡n obtiene una reducci├│n de da├▒o adicional y regeneraci├│n de salud por cada enemigo cercano, reflejando su capacidad para liderar combates prolongados.	0	0	abilities/Icons_Odin_Passive.webp
63	Desaparecer	Active 1	Loki se vuelve invisible durante un corto per├¡odo de tiempo. Al salir de la invisibilidad, su pr├│ximo ataque b├ísico inflige da├▒o adicional.	0	0	abilities/Icons_Loki_A01.webp
64	Visiones Agonizantes	Active 2	Loki lanza un se├▒uelo que causa un leve da├▒o en ├írea por ticks, y si el enemigo es golpeado por tres ticks del se├▒uelo cualquier golpe que le realice Loki ser├í cr├¡tico.	55	25	abilities/Icons_Loki_AgonizingVisions.webp
65	Cambio de posici├│n	Active 3	Loki lanza una r├ífaga de golpes en cono, ralentizando al enemigo.	20	0	abilities/Icons_Loki_FlurryStrike.webp
66	Asesinar	Active 4	Loki se lanza sobre un enemigo objetivo, infligiendo una gran cantidad de da├▒o y aturdi├®ndolo brevemente. Perfecto para acabar con enemigos debilitados.	55.3	10	abilities/Icons_Loki_Assassinate.webp
67	┬íDetr├ís de ti!	Passive	Loki inflige da├▒o adicional al atacar a enemigos desde la espalda, maximizando su potencial como asesino.	0	0	abilities/Icons_Loki_Passive.webp
78	Tambor Trueno	Active 1	Raijin golpea sus tambores, enviando una onda de trueno en una l├¡nea recta hacia adelante. Tras el primer golpe, lanza otra onda en la misma direcci├│n, seguida de dos ondas simult├íneas que se ensanchan a medida que viajan.	65	0	abilities/Icons_Raijin_A01.webp
79	Raiju	Active 2	Raijin invoca a su fiel aliado Raiju, envi├índolo a marcar un enemigo objetivo mientras se oculta en su ombligo.	55	12.5	abilities/Icons_Raijin_A02.webp
74	Salto felino	Active 1	Bastet salta a la zona objetivo y da├▒a a los enemigos en el ├írea 80/145/210/275/340 (+100% de su poder f├¡sico). Durante 4s Bastet puede nuevamente volver a saltar hacia su posici├│n inicial. Durante este periodo Bastet se desplaza un 25% m├ís r├ípido.	55	20	abilities/Icons_Bastet_A01.webp
73	L├ítigo navaja	Active 2	Bastet golpea a sus enemigos provocando que sangren causando 25/45/65/85/105 (+25% de su poder f├¡sico) de da├▒o por segundo durante 4s.	35	0	abilities/Icons_Bastet_A02.webp
81	Tambores Taiko	Active 4	Raijin asciende sobre el campo de batalla, flotando en el aire mientras golpea sus tambores hasta 4 veces. Con cada golpe, puede elegir entre tres ritmos para generar distintos efectos en el ├írea objetivo:\r\n\r\nRitmo 1:\r\n\r\nInflige el 100% del da├▒o m├ígico base a todos los enemigos alcanzados.\r\nRitmo 2:\r\n\r\nInflige el 50% del da├▒o m├ígico base y provoca un Taunt, obligando a los enemigos alcanzados a atacar a Raijin por un breve per├¡odo.\r\nRitmo 3:\r\n\r\nInflige el 50% del da├▒o m├ígico base y aplica un Fear, haciendo que los enemigos alcanzados huyan en direcci├│n opuesta a Raijin por un breve tiempo.	0	100	abilities/Icons_Raijin_A04.webp
77	Herida Abierta	Passive	Cuando Bastet golpea a su enemigo con sus habilidades lo hiere brevemente. Si el enemigo tiene una herida, estas habilidades causan m├ís da├▒o.	0	0	abilities/Icons_Bastet_Passive.webp
76	Cazadora de Bastet	Active 4	Bastet invoca a su pantera, que atrapa al enemigo caus├índole da├▒o y atray├®ndolo hacia Bastet.	100	0	abilities/Icons_Bastet_A04.webp
75	Desgarrar	Active 3	Bastet lanza un gato a sus enemigos caus├índoles da├▒o y aturdi├®ndoles. El gato persiste atacando por unos segundos.	70	10	abilities/Icons_Bastet_A03.webp
80	Ca├▒├│n Trueno	Active 3	Raijin desata un rayo de energ├¡a en una ubicaci├│n objetivo, causando un efecto de deslumbramiento (mesmerizar) en todos los enemigos alcanzados por el impacto inicial. Mientras tanto, Raijin asciende hacia el cielo.	60	25	abilities/Icons_Raijin_A03.webp
82	Tiempo Cargado	Passive	Esta pasiva recompensa a Raijin por mantener un uso constante de habilidades y fomenta entrelazar Ataques B├ísicos en sus rotaciones, creando un estilo de juego din├ímico que equilibra el lanzamiento de hechizos y los ataques b├ísicos. Tambi├®n le permite mantener la presi├│n en combates prolongados al reducir sus enfriamientos.	0	0	abilities/Icons_Raijin_Passive.webp
\.


--
-- Data for Name: dioses_god; Type: TABLE DATA; Schema: public; Owner: postgres
--

COPY public.dioses_god (id, name, pantheon, role, health, mana, speed, power, attack_speed, progresion, proteccion_fisica, proteccion_magica, hp5, mp5, lore, image, difficulty, damage) FROM stdin;
6	Anubis	Egyptian	Mage	492 (+72)	338 (+58)	360 (+0)	Magical	0.87 (+0.99%)	Ninguna	13 (+2.5)	25 (+1.3)	7.45 (+0.45)	5.16 (+0.36)	Anubis, el dios con cabeza de chacal, tiene el juicio definitivo sobre los muertos, midiendo cada coraz├│n contra el peso de la Verdad.\r\n\r\nNephthys, esposa de Set, el Dios de la Oscuridad, deseaba tener un hijo, pero su marido era est├®ril, as├¡ que Nephthys se disfraz├│ de Eset, la esposa de Osiris, hermano de Set, y lo sedujo. De esa uni├│n naci├│ Anubis. Osiris cuid├│ de Anubis como si fuera su propio hijo, pero cuando Osiris fue asesinado por su malvado hermano, Set, Anubis embalsam├│ a su padre adoptivo y momific├│ el cad├íver para que no se descompusiera. Esta preservaci├│n pas├│ a los fieles, pues si era lo suficientemente buena para los Dioses, era lo suficientemente buena para los hombres.\r\n\r\nNadie entra en el abismo del Inframundo sin ser antes probado por Anubis. Cuando los cad├íveres son preservados, ├®l es el embalsamador. Cuando llega el momento del juicio, ├®l es el ├írbitro final. En su reino, mantiene legendarias balanzas de pesaje. De un lado, el peso masivo de Ma'at ÔÇö la verdad y el orden. Del otro lado, coloca el coraz├│n del difunto. Si el peso de Ma'at resulta infinitamente m├ís pesado que el del coraz├│n, Anubis arroja el alma profundamente en la oscuridad del Inframundo, donde se olvida, sin posibilidad de renacer.	gods/SkinArt_Anubis_Default.webp	Easy	37 (+1.5)
4	Thor	Norse	Assassin	536 (+76)	278 (+38)	370 (+0)	Physical	1.01 (+1.45%)	Ninguna	17 (+2.9)	25 (+1.3)	9.69 (+0.69)	4.69 (+0.29)	Thor, tan famoso como audaz, es el Dios del cielo tronante. Sin embargo, su martillo, Mjolnir, es casi tan famoso como ├®l, y Thor no permitir├í que se lo arrebaten.\r\n\r\nOdin, el Padre de Todos, tuvo muchos hijos, pero ninguno tan conocido ni tan poderoso como Thor, quien pose├¡a la fuerza para mover monta├▒as y el poder para llamar los rayos del cielo. A pesar de estos dones incre├¡bles, los enemigos de Thor eran astutos, sedientos de sangre y numerosos. Los Gigantes de Hielo amenazaban constantemente con invadir Asgard, lo que requer├¡a toda la fuerza casi ilimitada de Thor solo para mantenerlos a raya. Si realmente el rumbo de la batalla se hubiera invertido, Asgard podr├¡a haber sido destruido, pero una simple broma de Loki, el traicionero, termin├│ con la creaci├│n de Mjolnir, el martillo legendario, y con ├®l, Thor aplast├│ por completo a los Gigantes de Hielo.\r\n\r\nSif, la esposa de Thor, ten├¡a un cabello como los rayos del sol a trav├®s de un cielo nublado, y Loki, siendo codicioso, secretamente lo cort├│ mientras ella dorm├¡a. Lleno de furia, Thor exigi├│ que Loki solucionara el problema. As├¡ que Loki fue a los enanos de Ivaldi, quienes forjaron una corona dorada que hac├¡a crecer cabello igualmente dorado, una lanza que nunca fallaba y un barco que nunca se hund├¡a. Orgulloso de sus tesoros, Loki regres├│ con Thor y los dem├ís Dioses, entreg├│ la corona a Sif y luego se jact├│ de que no se pod├¡an forjar objetos mejores.\r\n\r\nEl enano Brokk se ofendi├│ por esto y afirm├│ que ├®l y su hermano pod├¡an hacer algo mejor. Loki apost├│ su cabeza a que no lo lograr├¡an. Entonces, Brokk y su hermano forjaron tres objetos: un anillo que creaba un duplicado cada nueve d├¡as, un cerdo dorado que pod├¡a volar y nadar, y el martillo, Mjolnir, con el poder de destrozar monta├▒as. Mientras cada objeto era forjado, Brokk era mordido ferozmente por una mosca, pero solo al tercero se movi├│, lo que caus├│ que el martillo tuviera un mango m├ís corto. Cuando terminaron, los enanos llevaron sus artefactos ante los Dioses y denunciaron el disfraz de mosca de Loki. Todos los Dioses estuvieron de acuerdo en que Brokk y su hermano hab├¡an forjado objetos superiores. Loki, siempre astuto, declar├│ que su cuello no formaba parte de la apuesta, neg├índoles su cabeza.\r\n\r\nMjolnir fue para Thor para luchar contra los Gigantes de Hielo. Orgulloso y poderoso, Thor rechaz├│ a la horda malvada y contin├║a defendiendo Asgard hasta el d├¡a de hoy. Con Mjolnir en mano, Thor es una fuerza imparable que incluso otros Dioses har├¡an bien en evitar.	gods/SkinArt_Thor_Default.webp	Hard	41 (+2.4)
1	Afrodita	Greek	Mage	448 +(68)	283 (+43)	355 (+0)	Magical	0.88 (+0.95%)	Ninguna	12 (+2.7)	25 (+1.3)	6.45 (0.45)	5.21 (+0.41)	Hay muy pocas palabras para describir el resplandor, la magnificencia, la gloria incomparable de Afrodita, la Diosa de la Belleza. Tan maravillosa es su presencia que una sola mirada puede inspirar l├ígrimas, deseo, celos y amor. Sin embargo, bajo su impecable exterior, reside un coraz├│n cargado de inseguridad.\r\n\r\nDesatento y de apariencia repulsiva, su esposo Hefesto, sin saberlo, deja a Afrodita sinti├®ndose sola y sin valor. Encuentra consuelo en los brazos de otros hombres, como Ares, o validaci├│n al competir en cualquier concurso de belleza que se le presente.\r\n\r\nEn una boda a la que asistieron todos los dioses, apareci├│ una manzana dorada con la inscripci├│n "para la m├ís hermosa". Inmediatamente, Afrodita, su madre Hera y su hermana Atenea discutieron por ella. Zeus eligi├│ a Paris, pr├¡ncipe de Troya, para que decidiera una ganadora. A cambio de ser nombrada la m├ís hermosa, Afrodita le ofreci├│ a cualquier mujer del mundo como esposa, y Paris acept├│. Sin embargo, eligi├│ a Helena como su esposa, y su amor dio inicio a la catastr├│fica Guerra de Troya.\r\n\r\nAhora, una nueva guerra se avecina, pero esta vez entre dioses, no entre hombres. Aunque el campo de batalla no es lugar para la m├ís hermosa de todas, Afrodita recuerda la destrucci├│n entre griegos y troyanos. Tal vez, esta vez, su belleza pueda ser usada para detener una guerra en lugar de iniciarla. Tal vez, esta vez, descubra la belleza que reside en su interior.	gods/SkinArt_Aphrodite_Default.webp	Hard	33 (+1.45)
7	Ares	Greek	Guardian	575 (+90)	237 (+37)	365 (+0)	Physical	0.91 (+1.25%)	+1/0.75/1/1.25x da├▒os y tiempos de movimiento	23 (+3)	29 (+1.3)	8.67 (+0.67)	5.02 (+0.42)	Temido por sus enemigos, despreciado por su padre, adorado por la Diosa de la Belleza y venerado por los guerreros, Ares, un alma torturada y solitaria, es el sanguinario Dios griego de la Guerra.\r\n\r\nAres no es amado por el pueblo. ├ël representa todo lo que temen y desprecian: la guerra, la discordia, el caos y el asesinato. Se dice que el cielo se oscurece cuando Ares entra en el campo de batalla. Que ├®l cabalga hacia la lucha en un carro tirado por caballos que escupen fuego, y se deleita solo en el choque de la batalla y el olor a sangre derramada.\r\n\r\nAres no es amado por su padre. Zeus tiene muchos hijos, pero solo dos con su esposa Hera. Sin embargo, el Dios del trueno ha sospechado durante mucho tiempo que Hera tuvo un romance que condujo al nacimiento de Ares, tal vez como venganza por todas las infidelidades de Zeus. Por esto, Zeus lo desprecia.\r\n\r\nAres no es amado por su hermana. Atenea y Ares son ambos Dioses de la Guerra. Mientras Ares representa la violencia, la fuerza y la masacre, Atenea es la personificaci├│n de la inteligencia, la estrategia y el liderazgo. Ares es r├ípido para actuar y deja un rastro sangriento, mientras que Atenea es reflexiva y cuidadosa con las vidas. A menudo han estado en bandos opuestos, como en la famosa Batalla de Troya, donde Atenea lo hiri├│ brutalmente y forz├│ a Ares a retirarse.\r\n\r\nAres es el amante de la Diosa de la Belleza. Aunque Afrodita est├í casada con el hermano de Ares, Hefesto, Ares toma lo que quiere, y Afrodita cede gustosamente. Su uni├│n produjo descendientes casi tan terribles como Ares mismo: Fobos y Deimos, Miedo y Terror.\r\n\r\nAres solo es amado por los espartanos, quienes veneran al Dios por su masculinidad, su despiadado esp├¡ritu guerrero y su tenacidad contra todo pron├│stico. Los espartanos, sin embargo, conocen la furia impredecible de su patr├│n y atan sus estatuas con cadenas. Esto es, en parte, para evitar que el esp├¡ritu de victoria de Ares escape de Esparta, y un esfuerzo vano por mantener al Dios de la Guerra contenido.	gods/SkinArt_Ares_Default.webp	Easy	44 (+4)
5	Ra	Egyptian	Mage	460 (+75)	303 (+48)	360 (+0)	Magical	0.89 (+1%)	NInguna	13 (+3)	25 (+1.3)	10 (+0.8)	6 (+0.5)	Sin el sol, no habr├¡a luz, ni calor, ni vida. Sin Ra, no habr├¡a sol.\r\n\r\nRa es un guardi├ín, el guardi├ín de Ma'at: el orden y la verdad, y el maestro del sol. Cada d├¡a navega por el cielo en un barco dorado, y cada noche recorre el inframundo, llevando luz y calor a los muertos bajo el horizonte. Para aquellos en el sur abrasado, Ra fue el primer Dios, creador de la tierra y el cielo, y padre de todos los dem├ís dioses.\r\n\r\nPero el tiempo de Ra se desvanece como un cielo al atardecer. Sus descendientes han crecido en poder y prominencia, buscando reemplazarlo como la figura de autoridad. Su propia nieta, Eset, lo envenen├│ astutamente al invocar en secreto una v├¡bora bajo sus pies. Cuando Ra la pis├│, la mordedura venenosa de la serpiente lo envenen├│. Eset prometi├│ curar a Ra si ├®l le revelaba su Verdadero Nombre. Al principio, ├®l se neg├│, pues el conocimiento de su Verdadero Nombre le otorgar├¡a a Eset un poder incomparable sobre ├®l, pero a medida que el dolor aumentaba, Ra se vio obligado a ceder. Eset cumpli├│ su palabra y Ra fue sanado, aunque el precio puede haber sido demasiado alto.\r\n\r\nLa luz puede sanar, pero tambi├®n puede quemar, y el gran protector est├í mostrando se├▒ales de ira no vistas desde la insolencia de la humanidad. En ese raro momento de ira, Ra envi├│ a su hija, Hathor, en forma de leona, para devorar a la gente. Sin embargo, termin├│ su sangrienta caza antes de consumir toda la humanidad. Esta vez, su mirada ardiente est├í dirigida a los otros dioses. Cuando su ira finalmente se enfr├¡e, puede que no quede nada m├ís que cenizas.	gods/SkinArt_Ra_Default.webp	Medium	36 (+1.5)
10	Odin	Norse	Warrior	553 (+83)	235 (+35)	370 (+0)	Physical	1.01 (+1.1%)	+1/1/1/1.5x da├▒os y tiempos de movimiento	19 (+3)	26 (+1.3)	9.63 (+0.63)	4.5 (+0.4)	El m├ís poderoso de los Aesir, guerrero y rey, el Padre de Todo es un Dios condenado.\r\n\r\nPuede parecer extra├▒o imaginar a un Dios preocupado por su destino, pero Od├¡n consulta regularmente a la v├Âlva, las videntes del Norte. Ellas hablan de una guerra final, el Ragnar├Âk, cuando los dioses m├ís poderosos ser├ín abatidos y el mundo ser├í consumido por el mar. Para ese d├¡a, Od├¡n se prepara constantemente.\r\n\r\nEl Padre de Todo puede rastrear su linaje hasta el malvado Gigante de Hielo, Ymir, a quien mat├│ con la ayuda de sus dos hermanos, Vili y Ve, y con cuyos restos forj├│ el mundo. En la cima de Asgard, donde Od├¡n preside, es conocido como el portador de la guerra, un sabio de la sabidur├¡a y el guardi├ín de las almas ca├¡das en batalla.\r\n\r\nComo guerrero, Od├¡n cabalga su corcel de ocho patas, Sleipnir, y empu├▒a la poderosa lanza Gungnir. Lo acompa├▒an dos lobos y sus dos fieles cuervos, Huginn (pensamiento) y Muninn (memoria), que vuelan alrededor de Midgard y regresan con todo lo que ven y oyen.\r\n\r\nComo sabio, Od├¡n viaja disfrazado de un simple vagabundo, en busca de conocimiento. Su sed de sabidur├¡a ha tenido un alto costo personal, pues permaneci├│ colgado de las ramas de Yggdrasil, el ├írbol del mundo, durante nueve d├¡as y noches, y sacrific├│ uno de sus ojos en el Pozo de la Sabidur├¡a.\r\n\r\nComo guardi├ín de almas, Od├¡n recibe a los guerreros ca├¡dos en su majestuoso sal├│n de Valhalla bajo el acuerdo de que lo ayudar├ín en el Ragnar├Âk. Las mujeres guerreras favorecidas se convierten en sus ├®lites Valquirias, encargadas de llevar a los dignos a Valhalla.\r\n\r\nTodo esto lo hace en preparaci├│n para los d├¡as finales del Ragnar├Âk. Pues las videntes predicen que su muerte llegar├í a las fauces del gran lobo Fenrir, y como cualquiera, Od├¡n busca cambiar su destino. Sin embargo, nunca una vez se han equivocado las v├Âlva.	gods/SkinArt_Odin_Default.webp	Easy	40 (+2)
8	Poseidon	Greek	Mage	447 (+67)	285 (+40)	360 (+0)	Magical	0.96 (+1.2%)	Ninguna	11 (+2.6)	25 (+1.3)	6.5 (+0.5)	5 (+0.4)	Profundamente bajo las turbulentas mareas del oc├®ano se encuentra un Dios de ira inactiva. ┬┐C├│mo debe ser vivir para siempre a la sombra de tu hermano? ┬┐Ser negado una y otra vez de aquello que deseas, a pesar del poder de los mares furiosos bajo tu mando? As├¡ es como Poseid├│n medita en su trono en el fondo del oc├®ano.\r\n\r\nDe ni├▒o, Poseid├│n y su hermano, Hades, fueron devorados por su padre, Cronos. Incapaces de escapar, fue el poderoso Zeus quien los liber├│ y mat├│ a su progenitor. Juntos derrotaron al ├║ltimo de los Titanes y dieron paso a una nueva era de dominio para los Dioses Ol├¡mpicos, pero su libertad, sus vidas mismas, Zeus nunca dejar├¡a que olvidaran que le eran debidas. Incluso cuando los cielos, el inframundo y los mares fueron divididos entre ellos, Zeus se posicion├│ como el rey de todo, y ┬┐qu├® pod├¡a hacer Poseid├│n m├ís que estar agradecido de haber sido salvado de un destino en el vientre de su padre? As├¡ que se retir├│ a su nuevo reino y comenz├│ a buscar seguidores.\r\n\r\nPronto surgi├│ una gran ciudad costera de la humanidad, y Poseid├│n se present├│ como su Dios, pero otro ya hab├¡a llegado: Atenea, hija de Zeus. Se celebr├│ una competencia: cada Dios ofrecer├¡a un regalo y la gente escoger├¡a a su patrocinador. Con confianza, Poseid├│n clav├│ su tridente, un trofeo de la batalla contra los Titanes, en la tierra y surgi├│ una fuente interminable, pero la gente encontr├│ que el agua era salada e imbebible. Atenea extendi├│ su mano y un elegante olivo brot├│ de la tierra. Madera, comida y aceite, todo en un solo regalo. La gente decidi├│ y la ciudad se llam├│ Atenas.\r\n\r\nPuede ser que Poseid├│n nunca haya deseado la grandeza como Zeus. Si su padre nunca lo hubiera devorado, si nunca hubiera sido hecho Dios del Mar, si su hermano nunca se hubiera coronado Rey de los Dioses, Poseid├│n podr├¡a haber vivido felizmente, pero esa oportunidad ya se ha ido. Ahora, con las propias mareas bajo su mando, un ej├®rcito de bestias marinas a su lado y el formidable Kraken a su llamado, el Dios sombr├¡o de las profundidades busca calmar su sed de ira y sumergir al mundo entero en mares interminables y furiosos.	gods/SkinArt_Poseidon_Default_V2.webp	Easy	37 (+1.5)
9	Artemis	Greek	Hunter	558 (+78)	239 (+34)	365 (+0)	Physical	0.97 (+1.7%)	Ninguna	15 (+3)	25 (+1.3)	8.68 (+0.68)	4.65 (+0.35)	┬íArmada con un arco m├ígico, Artemisa es la incomparable Diosa de la Caza!\r\n\r\nHija de Zeus y Leto, Artemisa y su hermano gemelo Apolo son el resultado de una de las infidelidades de Zeus hacia su esposa, Hera. Ofendida, Hera maldijo a Leto mientras estaba embarazada, prohibi├®ndole dar a luz en tierra o mar. Afortunadamente, Leto encontr├│ una isla que no tocaba el fondo del oc├®ano, por lo que no era ni tierra ni mar, y all├¡ dio a luz a sus hijos. Artemisa naci├│ primero y, milagrosamente, actu├│ como partera en el nacimiento de su hermano.\r\n\r\nArtemisa pas├│ su infancia en colinas y bosques, entrenando con su arco y cazando bestias. A medida que crec├¡a y se volv├¡a m├ís hermosa, tambi├®n se volvi├│ orgullosa e implacable cuando se sent├¡a ofendida o deshonrada, especialmente contra aquellos que afirmaban ser mejores cazadores que ella. Adonis se jact├│ precisamente de esto, y Artemisa envi├│ un jabal├¡ salvaje para atravesarlo. Los gemelos semidioses Oto y Efialtes, quienes no pod├¡an ser asesinados excepto el uno por el otro, amenazaron con secuestrar a Artemisa y obligarla a casarse con uno de ellos, pero fueron enga├▒ados cuando Artemisa, transformada en una cierva, corri├│ entre ellos. Al intentar atacarla con sus lanzas, se atravesaron mutuamente. Finalmente, Acte├│n, despu├®s de espiar a Artemisa mientras se ba├▒aba, fue transformado en un ciervo y devorado por sus propios perros de caza. Tal es la furia de Artemisa.\r\n\r\nSu nombre es invocado por los cazadores en busca de presas y por las parteras durante el parto. Se realizan sacrificios en su honor antes de una nueva campa├▒a militar. Las ni├▒as adolescentes son enviadas a su santuario para servir durante un a├▒o. Hermosa, letal y casta, Artemisa es una mujer decidida y una guerrera temible.	gods/SkinArt_Artemis_Default.webp	Medium	33 (+2.5)
11	Loki	Norse	Assassin	470 (+75)	245 (+35)	375 (+0)	Physical	1.02 (+1.9%)	1/0.5/0.5/0.5/1.5x da├▒o y tiempo de blandida	14 (+2.9)	25 (+1.3)	8.7 (+0.7)	4.55 (+0.35)	Villano. Es una palabra usada para describir a quienes rompen las reglas, toman lo que quieren y no se preocupan por aquellos que resultan heridos en el camino. Loki, el Dios embaucador, dir├¡a que la villan├¡a no es m├ís que una cuesti├│n de perspectiva.\r\n\r\nLa perspectiva de los necios demasiado ciegos como para aprovechar la oportunidad.\r\n\r\nPor supuesto, ahora que Loki est├í suelto, las implicaciones son terribles. El fin de los tiempos podr├¡a estar cerca. La batalla final, el Ragnar├Âk, posiblemente se avecina, pues se profetiz├│ que Loki romper├¡a su prisi├│n y anunciar├¡a la espantosa batalla final que dejar├¡a a los dioses muertos, los cielos destrozados y el mundo reducido a cenizas. Nadie desea m├ís ese tiempo de caos que Loki.\r\n\r\nAntes de su confinamiento, las travesuras maliciosas de Loki lograron afectar a cada Dios de maneras tanto beneficiosas como terribles. Sin embargo, el acto m├ís atroz de Loki fue la muerte del Dios de la luz, Baldr.\r\n\r\nLos sue├▒os prof├®ticos de Baldr revelaron su propia muerte. Temiendo por su hijo, Frigg oblig├│ a todos los objetos del mundo a jurar que no lo da├▒ar├¡an. Todos, salvo el mu├®rdago. Cruelmente divertido, Loki forj├│ una lanza con la planta y se la entreg├│ al hermano de Baldr, Hodr. Los dioses hab├¡an encontrado un nuevo juego favorito: lanzar objetos a Baldr y re├¡r mientras rebotaban inofensivamente. As├¡ que Hodr lanz├│ la lanza, pero, para horror de todos, Baldr fue atravesado.\r\n\r\nHel accedi├│ a liberar a Baldr del inframundo si todas las criaturas del mundo lamentaban la muerte del Dios de la luz. Y todas lo hicieron, salvo una anciana que se neg├│. As├¡, Baldr muri├│.\r\n\r\nCuando se descubri├│ que la anciana era Loki disfrazado, los dioses furiosos lo ataron con entra├▒as y colgaron una serpiente venenosa sobre su cabeza. La esposa de Loki, Sigyn, recolectaba el veneno que goteaba en un cuenco, pero cuando deb├¡a vaciarlo, el veneno ca├¡a sobre Loki, provoc├índole una agon├¡a tal que sus convulsiones hac├¡an temblar el mundo.\r\n\r\nPero ahora Loki est├í libre y ya est├í causando estragos. Si las prof├®ticas v├Âlva tienen raz├│n, y siempre la tienen, entonces el fin de todas las cosas finalmente ha llegado.	gods/SkinArt_Loki_Default.webp	Medium	40 (+2.4)
12	Bastet	Egyptian	Assassin	415 (+80)	230 (+39)	375 (+0)	Physical	1 (+1.98%)	1/.7/1.3x da├▒o	12 (+2.9)	24 (+1.3)	9 (+0.72)	4.4 (+0.25)	Celebrando las alegr├¡as de la vida, Bastet, hija de Ra, es la encarnaci├│n sensual de su forma felina. Sin embargo, este gato tiene las garras m├ís feroces.\r\n\r\nLos gatos son criaturas que exigen adoraci├│n. Son regios, despreocupados e insaciables. Aunque se deleitan bajo el sol y ronronean de placer, tambi├®n son cazadores ├ígiles y mortales. Sin piedad, controlan las poblaciones de alima├▒as invasoras y escorpiones venenosos, protegiendo el hogar de invasores viles. Tal vez, el enemigo m├ís problem├ítico del gato sea la serpiente, y no hubo una serpiente m├ís terrible en el mundo que el horrendo Apep.\r\n\r\nRodeando el mundo a lo largo de la l├¡nea del horizonte, la inmensa figura escamosa de Apep aguardaba en emboscada cada ma├▒ana para atacar a Ra cuando ascend├¡a y tra├¡a luz al mundo. Para enfrentar a esta bestia, Ra cont├│ con la compa├▒├¡a de su hija, Bastet. Desde el inicio de los tiempos, mientras Ra se elevaba en el cielo oriental, Bastet escup├¡a y aullaba, con las garras desnudas contra el traicionero Apep. Innumerables batallas se libraron, innumerables ma├▒anas enfrentaron incertidumbre, hasta que, finalmente, Bastet destroz├│ al vil serpiente.\r\n\r\nCon su mayor enemigo derrotado, Bastet es libre de vagar a su antojo. Ahora, es la guardiana del hogar y el fuego, ├¡dolo de las mujeres - especialmente aquellas que desean hijos y exploran su sensualidad - y patrona de las artes, el vino y cualquier ocasi├│n de j├║bilo. Pero, como cualquier gato, Bastet a├║n puede atacar sin previo aviso, destrozando a sus enemigos cuando sus garras se despliegan.	gods/SkinArt_Bastet_Default.webp	Easy	37 (+2.21)
13	Raijin	Japanese	Mage	385 (+80)	255 (+43)	355 (+0)	Magical	0.87 (+0.9%)	Ninguna	9 (+3.1)	23 (+1.3)	6 (+0.45)	4.6 (+0.46)	El trueno es un elemento aterrador que hace temblar la tierra con su sonido. Heraldo de tormentas, c├│mplice del rel├ímpago, el trueno es primitivo, poderoso y ca├│tico. Dejemos que esto hable, entonces, de su maestro, el Dios de rostro demon├¡aco, Raijin, quien convoca esta fuerza con los golpes de sus grandes tambores.\r\n\r\nSiempre en conflicto con su igualmente temible hermano, Fujin, Maestro del Viento, Raijin lucha por el control de los cielos sobre el Reino del Sol Naciente. Para los mortales, sus batallas forman tormentas dram├íticas y devastadoras olas de marea, pero para los hermanos, esto no es m├ís que una competencia amistosa; un torneo continuo para determinar qui├®n es el m├ís fuerte.\r\n\r\nAunque monstruoso en apariencia e intimidante en batalla, Raijin es generoso con sus fieles, despejando los restos con rel├ímpagos para dejar los campos de arroz a├║n m├ís f├®rtiles. Sin embargo, eso no impide que los padres adviertan a sus hijos que se escondan cuando llega una tormenta, no sea que Raijin devore sus vientres. Sin duda, Raijin encuentra esta historia divertida, aunque a├║n no ha festinado con ning├║n infante.\r\n\r\nLa guerra ha llegado a las costas lejanas del reino isle├▒o de Raijin, y por primera vez ha encontrado a otros dioses que reclaman dominio sobre el rel├ímpago, el trueno y el cielo mismo. Disfrutando de esta oportunidad para demostrar su supremac├¡a, Raijin entra en la refriega, los tambores resonando y su risa estruendosa indistinguible del rugir del trueno.	gods/SkinArt_Raijin_Default.webp	Medium	34 (+ 1.5)
3	Zeus	Greek	Mage	451 (+71)	289 (+44)	360	Magical	0.96 (+0.99%)	Ninguna	11 (+2.7)	25 (+1.3)	6.45 (+0.45)	5.05 (+0.45)	Rey de los Dioses, Zeus lucha por la equidad y la justicia, pero no dudar├í en invocar el trueno cuando haya que impartir castigo.\r\n\r\nEl padre de Zeus, el Tit├ín Cronos, devoraba a sus hijos inmediatamente despu├®s de nacer para que ninguno pudiera derrocarlo, como ├®l hab├¡a hecho con su propio padre. Cuando naci├│ Zeus, Rea, su madre, ocult├│ al ni├▒o de Cronos y le dio al Tit├ín una roca envuelta en pa├▒ales, que este trag├│ creyendo que era su hijo. En secreto, Zeus creci├│ en la isla de Creta hasta que fue lo suficientemente fuerte y mayor para desafiar a su padre. Durante su enfrentamiento, Zeus abri├│ el est├│mago de Cronos, permitiendo que sus hermanos y hermanas escaparan y matando al Tit├ín. Despu├®s, Zeus liber├│ a los C├¡clopes y a otros seres que Cronos manten├¡a prisioneros. En agradecimiento, los C├¡clopes otorgaron a Zeus el control sobre el rayo.\r\n\r\nJunto a sus dos hermanos, Poseid├│n y Hades, los tres Dioses sortearon los dominios de la creaci├│n. Poseid├│n se convirti├│ en rey del mar, Hades en se├▒or del inframundo y Zeus en gobernante del cielo. Desde su trono dorado en la cima del Monte Olimpo, Zeus gobierna ahora a dioses y hombres junto a su esposa Hera, defendiendo la justicia, la hospitalidad, los juramentos y la honestidad entre todos los que est├ín bajo su dominio.\r\n\r\nSin embargo, Zeus es un dios inquieto y, aunque exige altos est├índares a los dem├ís, no siempre los aplica a s├¡ mismo. Principalmente, Zeus es casi infame por sus numerosas infidelidades hacia su esposa, que han resultado en decenas de hijos engendrados con otras mujeres, entre los cuales los m├ís famosos son H├®rcules, Artemisa y Atenea. Estas flagrantes infidelidades son una fuente constante de gran celos para Hera, aunque, como Rey, Zeus puede hacer lo que desee.\r\n\r\nEl clima est├í dictado por el estado de ├ínimo del Dios del Trueno. Cuando est├í de buen humor, el cielo es despejado, brillante y c├ílido. Pero cuando la ira de Zeus se enciende, negras nubes se acumulan, rayos surcan el cielo y los truenos sacuden la tierra misma. ├Ültimamente, Zeus ha estado furioso.	gods/SkinArt_Zeus_Default.webp	Medium	37 (+1.5)
\.


--
-- Data for Name: dioses_god_abilities; Type: TABLE DATA; Schema: public; Owner: postgres
--

COPY public.dioses_god_abilities (id, god_id, ability_id) FROM stdin;
4	1	2
5	1	3
6	1	4
7	1	5
8	1	1
9	3	18
10	3	19
11	3	20
12	3	21
13	3	22
14	4	32
15	4	28
16	4	29
17	4	30
18	4	31
19	5	33
20	5	34
21	5	35
22	5	36
24	5	37
25	6	38
26	6	39
27	6	40
28	6	41
29	6	42
30	7	43
31	7	44
32	7	45
33	7	46
34	7	47
35	8	48
36	8	49
37	8	50
38	8	51
39	8	52
40	9	53
41	9	54
42	9	55
43	9	56
44	9	57
45	10	58
46	10	59
47	10	60
48	10	61
49	10	62
50	11	64
51	11	65
52	11	66
53	11	67
54	11	63
55	12	73
56	12	74
57	12	75
58	12	76
59	12	77
60	13	78
61	13	79
62	13	80
63	13	81
64	13	82
\.


--
-- Data for Name: django_admin_log; Type: TABLE DATA; Schema: public; Owner: postgres
--

COPY public.django_admin_log (id, action_time, object_id, object_repr, action_flag, change_message, content_type_id, user_id) FROM stdin;
1	2025-01-17 19:09:26.277608+01	1	Beso	1	[{"added": {}}]	8	1
2	2025-01-17 19:09:30.206715+01	1	Afrodita	1	[{"added": {}}]	7	1
3	2025-01-17 19:31:19.717329+01	2	Alejandro	1	[{"added": {}}]	7	1
4	2025-01-17 19:31:26.527375+01	2	Alejandro	3		7	1
5	2025-01-19 15:45:58.810487+01	1	Afrodita	2	[{"changed": {"fields": ["Health", "Mana", "Speed", "Power", "Damage", "Attack speed", "Proteccion fisica", "Proteccion magica"]}}]	7	1
6	2025-01-19 15:46:42.051153+01	1	Afrodita	2	[{"changed": {"fields": ["Proteccion fisica", "Proteccion magica", "Hp5", "Mp5"]}}]	7	1
7	2025-01-19 15:47:00.610089+01	1	Afrodita	2	[{"changed": {"fields": ["Image"]}}]	7	1
8	2025-01-19 15:47:15.017145+01	1	Afrodita	2	[]	7	1
9	2025-01-19 16:08:13.99185+01	3	Zeus	2	[{"changed": {"fields": ["Health", "Mana", "Speed", "Damage", "Attack speed", "Progresion", "Proteccion fisica", "Proteccion magica", "Hp5", "Mp5", "Abilities", "Lore"]}}]	7	1
10	2025-01-19 16:12:52.478065+01	1	Beso	2	[{"changed": {"fields": ["Description"]}}]	8	1
11	2025-01-19 16:15:30.198534+01	2	┬íRetrocede!	2	[{"changed": {"fields": ["Name", "Range", "Radius", "Image"]}}]	8	1
12	2025-01-19 16:16:01.693207+01	3	Aves de amor	2	[{"changed": {"fields": ["Name", "Range", "Radius", "Image"]}}]	8	1
13	2025-01-19 16:16:20.708011+01	4	Amor eterno	2	[{"changed": {"fields": ["Name", "Image"]}}]	8	1
14	2025-01-19 16:16:43.302379+01	5	Centro de Atenci├│n	2	[{"changed": {"fields": ["Name", "Radius", "Image"]}}]	8	1
15	2025-01-19 16:17:10.222353+01	1	Afrodita	2	[{"changed": {"fields": ["Abilities"]}}]	7	1
16	2025-01-19 16:17:25.566484+01	1	Afrodita	2	[{"changed": {"fields": ["Abilities"]}}]	7	1
17	2025-01-19 16:19:31.680874+01	13	Center of Attention	3		8	1
18	2025-01-19 16:19:31.680874+01	12	Undying Love	3		8	1
19	2025-01-19 16:19:31.680874+01	11	Love Birds	3		8	1
20	2025-01-19 16:19:31.680874+01	10	Back Off!	3		8	1
21	2025-01-19 16:19:31.680874+01	9	Center of Attention	3		8	1
22	2025-01-19 16:19:31.680874+01	8	Undying Love	3		8	1
23	2025-01-19 16:19:31.680874+01	7	Love Birds	3		8	1
24	2025-01-19 16:19:31.680874+01	6	Back Off!	3		8	1
25	2025-01-19 16:20:36.294018+01	17	Center of Attention	3		8	1
26	2025-01-19 16:20:36.294018+01	16	Undying Love	3		8	1
27	2025-01-19 16:20:36.294018+01	15	Love Birds	3		8	1
28	2025-01-19 16:20:36.294018+01	14	Back Off!	3		8	1
29	2025-01-19 16:20:47.662251+01	3	Zeus	2	[{"changed": {"fields": ["Abilities"]}}]	7	1
30	2025-01-19 16:21:41.046714+01	3	Zeus	2	[{"changed": {"fields": ["Image"]}}]	7	1
31	2025-01-19 16:22:40.013178+01	18	Rayo Encadenado	2	[{"changed": {"fields": ["Radius", "Image"]}}]	8	1
32	2025-01-19 16:23:15.996501+01	19	Asalto Aegis	2	[{"changed": {"fields": ["Name", "Range", "Image"]}}]	8	1
33	2025-01-19 16:23:22.972018+01	3	Aves de Amor	2	[{"changed": {"fields": ["Name"]}}]	8	1
34	2025-01-19 16:23:29.159874+01	4	Amor Eterno	2	[{"changed": {"fields": ["Name"]}}]	8	1
35	2025-01-19 16:23:35.156349+01	19	Asalto Aegis	2	[]	8	1
36	2025-01-19 16:23:51.169291+01	20	Detonar Carga	2	[{"changed": {"fields": ["Radius", "Image"]}}]	8	1
37	2025-01-19 16:24:07.68506+01	21	Tormenta de Rayos	2	[{"changed": {"fields": ["Range", "Image"]}}]	8	1
38	2025-01-19 16:24:19.560405+01	22	Sobrecarga	2	[{"changed": {"fields": ["Image"]}}]	8	1
39	2025-01-19 16:26:10.410669+01	27	Sobrecarga	3		8	1
40	2025-01-19 16:26:10.411672+01	26	Tormenta de Rayos	3		8	1
41	2025-01-19 16:26:10.411672+01	25	Detonar Carga	3		8	1
42	2025-01-19 16:26:10.411672+01	24	Asalto con ├ëgida	3		8	1
43	2025-01-19 16:26:10.411672+01	23	Rayo Encadenado	3		8	1
44	2025-01-19 16:34:54.241203+01	4	Thor	2	[{"changed": {"fields": ["Role", "Difficulty", "Health", "Mana", "Speed", "Damage", "Attack speed", "Progresion", "Proteccion fisica", "Proteccion magica", "Hp5", "Mp5", "Abilities", "Lore", "Image"]}}]	7	1
45	2025-01-19 16:35:53.177492+01	28	Golpe de Mjolnir	2	[{"changed": {"fields": ["Range", "Image"]}}]	8	1
46	2025-01-19 16:36:25.830143+01	29	Ruptura T├®ctonica	2	[{"changed": {"fields": ["Name", "Range", "Radius", "Image"]}}]	8	1
47	2025-01-19 16:36:41.06503+01	28	Sinton├¡a de Mjolnir	2	[{"changed": {"fields": ["Name"]}}]	8	1
48	2025-01-19 16:37:21.391984+01	30	Bombardeo Fren├®tico	2	[{"changed": {"fields": ["Name", "Image"]}}]	8	1
49	2025-01-19 16:37:59.340074+01	31	Yunque del Amanecer	2	[{"changed": {"fields": ["Name", "Range", "Radius", "Image"]}}]	8	1
50	2025-01-19 16:38:23.780885+01	32	Locura del Guerrero	2	[{"changed": {"fields": ["Name", "Radius", "Image"]}}]	8	1
51	2025-01-19 16:39:38.839617+01	29	Ruptura T├®ctonica	2	[{"changed": {"fields": ["Description"]}}]	8	1
52	2025-01-19 16:39:49.006323+01	30	Bombardeo Fren├®tico	2	[]	8	1
53	2025-01-19 16:40:28.491074+01	31	Yunque del Amanecer	2	[{"changed": {"fields": ["Description"]}}]	8	1
54	2025-01-19 17:48:14.039412+01	1	Beso	2	[{"changed": {"fields": ["Ability type"]}}]	8	1
55	2025-01-19 17:48:18.917571+01	2	┬íRetrocede!	2	[{"changed": {"fields": ["Ability type"]}}]	8	1
56	2025-01-19 17:48:24.131961+01	3	Aves de Amor	2	[{"changed": {"fields": ["Ability type"]}}]	8	1
57	2025-01-19 17:48:29.663589+01	4	Amor Eterno	2	[{"changed": {"fields": ["Ability type"]}}]	8	1
58	2025-01-19 17:48:36.021431+01	18	Rayo Encadenado	2	[{"changed": {"fields": ["Ability type"]}}]	8	1
59	2025-01-19 17:48:41.472914+01	19	Asalto Aegis	2	[{"changed": {"fields": ["Ability type"]}}]	8	1
60	2025-01-19 17:48:46.558527+01	20	Detonar Carga	2	[{"changed": {"fields": ["Ability type"]}}]	8	1
61	2025-01-19 17:48:51.888984+01	21	Tormenta de Rayos	2	[{"changed": {"fields": ["Ability type"]}}]	8	1
62	2025-01-19 17:48:58.369886+01	28	Sinton├¡a de Mjolnir	2	[{"changed": {"fields": ["Ability type"]}}]	8	1
63	2025-01-19 17:49:02.559887+01	29	Ruptura T├®ctonica	2	[{"changed": {"fields": ["Ability type"]}}]	8	1
64	2025-01-19 17:49:06.523493+01	30	Bombardeo Fren├®tico	2	[{"changed": {"fields": ["Ability type"]}}]	8	1
65	2025-01-19 17:49:12.494788+01	31	Yunque del Amanecer	2	[{"changed": {"fields": ["Ability type"]}}]	8	1
66	2025-01-19 17:50:37.693723+01	33	Bendici├│n Solar	2	[{"changed": {"fields": ["Ability type", "Radius", "Image"]}}]	8	1
67	2025-01-19 17:50:52.851782+01	34	Rayo Celestial	2	[{"changed": {"fields": ["Ability type", "Range", "Radius", "Image"]}}]	8	1
68	2025-01-19 17:51:48.7807+01	35	Luz Divina	2	[{"changed": {"fields": ["Name", "Ability type", "Image"]}}]	8	1
69	2025-01-19 17:53:25.446507+01	36	Dolor Incandescente	2	[{"changed": {"fields": ["Name", "Ability type", "Description", "Range", "Radius", "Image"]}}]	8	1
70	2025-01-19 17:56:34.307233+01	5	Ra	2	[{"changed": {"fields": ["Health", "Mana", "Speed", "Damage", "Attack speed", "Progresion", "Proteccion fisica", "Proteccion magica", "Abilities", "Lore", "Image"]}}]	7	1
268	2025-03-05 18:08:40.213719+01	27	Regalo de Centinela	2	[]	10	1
71	2025-01-19 17:56:55.727413+01	37	Velocidad de la Luz	2	[{"changed": {"fields": ["Name", "Image"]}}]	8	1
72	2025-01-19 17:57:16.953866+01	5	Ra	2	[{"changed": {"fields": ["Abilities"]}}]	7	1
73	2025-01-19 18:00:56.551419+01	38	Plaga de Langostas	2	[{"changed": {"fields": ["Name", "Description", "Range", "Image"]}}]	8	1
74	2025-01-19 18:02:01.283937+01	39	Momificar	2	[{"changed": {"fields": ["Name", "Description", "Range", "Image"]}}]	8	1
75	2025-01-19 18:02:28.177634+01	40	Manos de codicia	2	[{"changed": {"fields": ["Name", "Range", "Image"]}}]	8	1
76	2025-01-19 18:03:29.046868+01	41	Mirada Mortal	2	[{"changed": {"fields": ["Name", "Description", "Range", "Image"]}}]	8	1
77	2025-01-19 18:04:40.469829+01	42	Tristeza	2	[{"changed": {"fields": ["Name", "Description", "Image"]}}]	8	1
78	2025-01-19 18:07:25.077667+01	6	Anubis	2	[{"changed": {"fields": ["Difficulty", "Health", "Mana", "Speed", "Damage", "Attack speed", "Progresion", "Proteccion fisica", "Proteccion magica", "Hp5", "Mp5", "Abilities", "Lore", "Image"]}}]	7	1
79	2025-01-19 18:13:49.204879+01	43	Grilletes	2	[{"changed": {"fields": ["Name", "Range", "Image"]}}]	8	1
80	2025-01-19 18:14:11.782364+01	44	Reforzar las Defensas	2	[{"changed": {"fields": ["Name", "Radius", "Image"]}}]	8	1
81	2025-01-19 18:14:47.06466+01	45	Devastar la Carne	2	[{"changed": {"fields": ["Name", "Description", "Range", "Radius", "Image"]}}]	8	1
82	2025-01-19 18:15:45.071357+01	46	Sin Escape	2	[{"changed": {"fields": ["Name", "Description", "Radius", "Image"]}}]	8	1
83	2025-01-19 18:15:59.483306+01	47	Presencia Bendita	2	[{"changed": {"fields": ["Name", "Image"]}}]	8	1
84	2025-01-19 18:18:28.673104+01	7	Ares	2	[{"changed": {"fields": ["Role", "Difficulty", "Health", "Mana", "Speed", "Damage", "Attack speed", "Progresion", "Proteccion fisica", "Proteccion magica", "Hp5", "Mp5", "Abilities", "Lore", "Image"]}}]	7	1
85	2025-01-19 18:21:08.214694+01	48	Marejada	2	[{"changed": {"fields": ["Name", "Range", "Radius", "Image"]}}]	8	1
86	2025-01-19 18:21:33.492079+01	49	Tridente	2	[{"changed": {"fields": ["Name", "Range", "Image"]}}]	8	1
87	2025-01-19 18:22:30.423968+01	50	Remolino	2	[{"changed": {"fields": ["Name", "Description", "Range", "Radius", "Image"]}}]	8	1
88	2025-01-19 18:22:59.573943+01	51	┬íLibera el Kraken!	2	[{"changed": {"fields": ["Name", "Range", "Radius", "Image"]}}]	8	1
89	2025-01-19 18:23:16.865705+01	52	Mareas Cambiantes	2	[{"changed": {"fields": ["Name", "Image"]}}]	8	1
90	2025-01-19 18:25:31.662104+01	8	Poseidon	2	[{"changed": {"fields": ["Difficulty", "Health", "Mana", "Speed", "Damage", "Attack speed", "Progresion", "Proteccion fisica", "Proteccion magica", "Hp5", "Mp5", "Abilities", "Lore", "Image"]}}]	7	1
91	2025-01-20 18:48:39.99125+01	8	Poseidon	2	[]	7	1
92	2025-01-20 19:21:15.409961+01	53	Destino del Pecador	2	[{"changed": {"fields": ["Name", "Range", "Radius", "Image"]}}]	8	1
93	2025-01-20 19:21:58.018166+01	54	Lluvia de flechas	2	[{"changed": {"fields": ["Ability type", "Range", "Radius", "Image"]}}]	8	1
94	2025-01-20 19:22:34.617084+01	55	Asalto Vengativo	2	[{"changed": {"fields": ["Name", "Ability type", "Description", "Range", "Image"]}}]	8	1
95	2025-01-20 19:22:49.074554+01	54	Supresor de Insolentes	2	[{"changed": {"fields": ["Name"]}}]	8	1
96	2025-01-20 19:23:10.782787+01	56	Jabal├¡ de Calid├│n	2	[{"changed": {"fields": ["Name", "Range", "Radius", "Image"]}}]	8	1
97	2025-01-20 19:23:36.455208+01	57	A├║n Objetivo	2	[{"changed": {"fields": ["Name", "Image"]}}]	8	1
98	2025-01-20 19:25:49.94784+01	9	Artemis	2	[{"changed": {"fields": ["Health", "Mana", "Speed", "Damage", "Attack speed", "Progresion", "Proteccion fisica", "Proteccion magica", "Hp5", "Mp5", "Abilities", "Lore", "Image"]}}]	7	1
99	2025-01-20 19:33:22.183535+01	58	Poder├¡o de Gungnir	2	[{"changed": {"fields": ["Name", "Ability type", "Range", "Image"]}}]	8	1
100	2025-01-20 19:33:45.903259+01	59	Embestida	2	[{"changed": {"fields": ["Name", "Ability type", "Range", "Radius", "Image"]}}]	8	1
101	2025-01-20 19:34:30.439113+01	60	Grito del cuervo	2	[{"changed": {"fields": ["Ability type", "Range", "Radius", "Image"]}}]	8	1
102	2025-01-20 19:34:49.119854+01	61	Anillo de lanzas	2	[{"changed": {"fields": ["Radius", "Image"]}}]	8	1
103	2025-01-20 19:35:06.302262+01	62	Camino al Valhala	2	[{"changed": {"fields": ["Name", "Image"]}}]	8	1
104	2025-01-20 19:37:51.178458+01	10	Odin	2	[{"changed": {"fields": ["Difficulty", "Health", "Mana", "Speed", "Damage", "Attack speed", "Progresion", "Proteccion fisica", "Proteccion magica", "Hp5", "Mp5", "Abilities", "Lore", "Image"]}}]	7	1
105	2025-01-20 19:40:08.699517+01	72	Asesino implacable	3		8	1
106	2025-01-20 19:40:08.699517+01	71	Ejecutar desde las sombras	3		8	1
107	2025-01-20 19:40:08.699517+01	70	Cambio de posici├│n	3		8	1
108	2025-01-20 19:40:08.699517+01	69	Golpe enga├▒oso	3		8	1
109	2025-01-20 19:40:08.699517+01	68	Ataque sigiloso	3		8	1
110	2025-01-20 23:35:00.714656+01	11	Loki	2	[{"changed": {"fields": ["Abilities", "Lore", "Image"]}}]	7	1
111	2025-01-20 23:35:30.172714+01	63	Desaparecer	2	[{"changed": {"fields": ["Name", "Image"]}}]	8	1
112	2025-01-20 23:37:41.104015+01	64	Visiones Agonizantes	2	[{"changed": {"fields": ["Name", "Description", "Range", "Radius", "Image"]}}]	8	1
113	2025-01-20 23:38:45.339365+01	65	Cambio de posici├│n	2	[{"changed": {"fields": ["Description", "Range", "Radius", "Image"]}}]	8	1
114	2025-01-20 23:39:19.040211+01	66	Asesinar	2	[{"changed": {"fields": ["Name", "Range", "Radius", "Image"]}}]	8	1
115	2025-01-20 23:39:49.903124+01	67	┬íDetr├ís de ti!	2	[{"changed": {"fields": ["Name", "Image"]}}]	8	1
116	2025-01-20 23:42:43.147024+01	11	Loki	2	[{"changed": {"fields": ["Health", "Mana", "Speed", "Damage", "Attack speed", "Progresion", "Proteccion fisica", "Proteccion magica", "Hp5", "Mp5"]}}]	7	1
117	2025-01-21 20:17:59.398381+01	73	L├ítigo afilado	2	[{"changed": {"fields": ["Ability type", "Description", "Range", "Image"]}}]	8	1
118	2025-01-21 20:18:29.484996+01	74	Salto felino	2	[{"changed": {"fields": ["Ability type", "Range", "Radius", "Image"]}}]	8	1
119	2025-01-21 20:20:13.997775+01	75	Garras de arena	2	[{"changed": {"fields": ["Description", "Range", "Radius", "Image"]}}]	8	1
120	2025-01-21 20:21:36.384552+01	76	Invocaci├│n de panteras	2	[{"changed": {"fields": ["Description", "Range", "Radius", "Image"]}}]	8	1
121	2025-01-21 20:21:49.347347+01	77	Acechadora del caos	2	[{"changed": {"fields": ["Image"]}}]	8	1
122	2025-01-21 20:23:26.650181+01	77	Herida Abierta	2	[{"changed": {"fields": ["Name", "Description"]}}]	8	1
123	2025-01-21 20:25:01.959709+01	76	Cazadora de Bastet	2	[{"changed": {"fields": ["Name"]}}]	8	1
124	2025-01-21 20:25:32.292522+01	75	Desgarrar	2	[{"changed": {"fields": ["Name"]}}]	8	1
125	2025-01-21 20:25:52.431756+01	74	Salto felino	2	[{"changed": {"fields": ["Description"]}}]	8	1
126	2025-01-21 20:26:18.076601+01	73	L├ítigo navaja	2	[{"changed": {"fields": ["Name", "Description"]}}]	8	1
193	2025-02-05 09:26:32.518007+01	1	Conquista	2	[{"changed": {"fields": ["Unique gameplay mechanics"]}}]	12	1
127	2025-01-21 20:28:46.358672+01	12	Bastet	2	[{"changed": {"fields": ["Difficulty", "Health", "Mana", "Speed", "Damage", "Attack speed", "Progresion", "Proteccion fisica", "Proteccion magica", "Hp5", "Mp5", "Abilities", "Lore", "Image"]}}]	7	1
128	2025-01-21 20:35:18.785766+01	13	Raijin	2	[{"changed": {"fields": ["Health", "Mana", "Speed", "Damage", "Attack speed", "Progresion", "Proteccion fisica", "Proteccion magica", "Hp5", "Mp5", "Abilities", "Lore", "Image"]}}]	7	1
129	2025-01-21 20:39:51.049995+01	78	Tormenta Percusiva	2	[{"changed": {"fields": ["Name", "Description", "Range", "Image"]}}]	8	1
130	2025-01-21 20:40:06.458015+01	78	Tambor Trueno	2	[{"changed": {"fields": ["Name"]}}]	8	1
131	2025-01-21 20:40:57.076324+01	79	Raiju	2	[{"changed": {"fields": ["Name", "Description", "Range", "Radius", "Image"]}}]	8	1
132	2025-01-21 20:42:38.188278+01	80	Ca├▒├│n Trueno	2	[{"changed": {"fields": ["Name", "Description", "Range", "Radius", "Image"]}}]	8	1
133	2025-01-21 20:43:57.705655+01	81	Tambores Taiko	2	[{"changed": {"fields": ["Name", "Description", "Radius", "Image"]}}]	8	1
134	2025-01-21 20:44:40.999372+01	82	Tiempo Cargado	2	[{"changed": {"fields": ["Name", "Description", "Image"]}}]	8	1
135	2025-01-22 18:54:25.500603+01	3	Zeus	2	[]	7	1
136	2025-01-22 18:54:52.418852+01	41	Mirada Mortal	2	[]	8	1
137	2025-01-22 18:55:08.085256+01	41	Mirada Mortal	2	[{"changed": {"fields": ["Image"]}}]	8	1
138	2025-01-28 13:58:12.278458+01	1	alematcap	1	[{"added": {}}]	9	1
139	2025-01-30 19:57:45.986327+01	1	Starter	2	[]	11	1
140	2025-01-30 19:57:54.176679+01	1	Inicial	2	[{"changed": {"fields": ["Name"]}}]	11	1
141	2025-01-30 19:58:00.853954+01	2	Reliquia	2	[{"changed": {"fields": ["Name"]}}]	11	1
142	2025-01-30 19:59:55.579533+01	3	Consumible	2	[{"changed": {"fields": ["Name"]}}]	11	1
143	2025-01-30 20:00:01.370548+01	4	Shards	2	[]	11	1
144	2025-01-30 20:00:09.827451+01	5	Poder M├ígico	2	[{"changed": {"fields": ["Name"]}}]	11	1
145	2025-01-30 20:02:46.798315+01	6	Poder F├¡sico	2	[{"changed": {"fields": ["Name"]}}]	11	1
146	2025-01-30 20:02:56.914005+01	7	Velocidad de Ataque	2	[{"changed": {"fields": ["Name"]}}]	11	1
147	2025-01-30 20:03:06.841405+01	8	Cooldown	2	[]	11	1
148	2025-01-30 20:03:26.82738+01	9	Probabilidad de Ataque Cr├¡tico	2	[{"changed": {"fields": ["Name"]}}]	11	1
149	2025-01-30 20:03:43.622701+01	10	Reducci├│n de Control de Masas	2	[{"changed": {"fields": ["Name"]}}]	11	1
150	2025-01-30 20:03:51.053575+01	11	Salud	2	[{"changed": {"fields": ["Name"]}}]	11	1
151	2025-01-30 20:04:15.258095+01	13	Robo de Vida M├ígico	2	[{"changed": {"fields": ["Name"]}}]	11	1
152	2025-01-30 20:04:28.780355+01	14	Penetraci├│n M├ígica	2	[{"changed": {"fields": ["Name"]}}]	11	1
153	2025-01-30 20:04:41.813122+01	15	Protecci├│n M├ígica	2	[{"changed": {"fields": ["Name"]}}]	11	1
154	2025-01-30 20:04:54.286569+01	17	Velocidad de Movimiento	2	[{"changed": {"fields": ["Name"]}}]	11	1
155	2025-01-30 20:05:24.982341+01	19	Robo de Vida F├¡sico	2	[{"changed": {"fields": ["Name"]}}]	11	1
156	2025-01-30 20:05:37.504057+01	20	Penetraci├│n F├¡sica	2	[{"changed": {"fields": ["Name"]}}]	11	1
157	2025-01-30 20:05:48.722222+01	21	Protecci├│n F├¡sica	2	[{"changed": {"fields": ["Name"]}}]	11	1
158	2025-02-01 19:31:33.974565+01	1	Bebida de Baba	2	[{"changed": {"fields": ["Description", "Tier", "Categories", "Image"]}}]	10	1
159	2025-02-01 19:31:58.613059+01	1	Bebida de Baba	2	[{"changed": {"fields": ["Total price"]}}]	10	1
160	2025-02-01 19:32:51.277279+01	1	Bebida de Baba	2	[]	10	1
161	2025-02-01 19:34:28.587027+01	2	Bomba R├║nica	2	[{"changed": {"fields": ["Description", "Tier", "Categories", "Image"]}}]	10	1
162	2025-02-01 19:34:37.881779+01	22	Consumable	3		11	1
163	2025-02-01 19:35:34.89585+01	3	Poci├│n de Curaci├│n	2	[{"changed": {"fields": ["Description", "Tier", "Categories", "Image"]}}]	10	1
164	2025-02-01 19:36:15.877893+01	4	Poci├│n de Man├í	2	[{"changed": {"fields": ["Description", "Tier", "Categories", "Image"]}}]	10	1
165	2025-02-01 19:37:10.229081+01	5	Poci├│n M├║ltiple	2	[{"changed": {"fields": ["Description", "Tier", "Categories", "Image"]}}]	10	1
166	2025-02-01 19:38:14.768746+01	6	Centinela	2	[{"changed": {"fields": ["Description", "Tier", "Categories", "Image"]}}]	10	1
167	2025-02-01 19:40:17.760831+01	7	Centinela de Proximidad	2	[{"changed": {"fields": ["Description", "Tier", "Categories", "Image"]}}]	10	1
168	2025-02-01 19:41:16.718742+01	8	Centinela Cuervo	2	[{"changed": {"fields": ["Description", "Tier", "Categories", "Image"]}}]	10	1
169	2025-02-01 20:00:33.905537+01	8	Centinela Cuervo	2	[]	10	1
170	2025-02-01 20:01:42.60947+01	7	Centinela de Proximidad	2	[{"changed": {"fields": ["Description"]}}]	10	1
171	2025-02-01 20:02:51.661093+01	9	Centinela de Vigilancia	2	[{"changed": {"fields": ["Description", "Price", "Tier", "Categories", "Image"]}}]	10	1
172	2025-02-01 20:03:08.680406+01	8	Centinela Cuervo	2	[{"changed": {"fields": ["Price"]}}]	10	1
173	2025-02-01 20:03:15.288786+01	7	Centinela de Proximidad	2	[{"changed": {"fields": ["Price"]}}]	10	1
174	2025-02-01 20:05:12.875456+01	10	Poci├│n del Bar├│n	2	[{"changed": {"fields": ["Name", "Description", "Price", "Tier", "Categories", "Image"]}}]	10	1
175	2025-02-01 20:06:06.310529+01	11	C├íliz de Curaci├│n	2	[{"changed": {"fields": ["Description", "Price", "Tier", "Categories", "Image"]}}]	10	1
176	2025-02-01 20:07:29.417465+01	12	C├íliz del Or├ículo	2	[{"changed": {"fields": ["Description", "Price", "Categories", "Image"]}}]	10	1
177	2025-02-01 20:07:36.609133+01	12	C├íliz del Or├ículo	2	[{"changed": {"fields": ["Tier"]}}]	10	1
178	2025-02-01 20:09:17.579857+01	13	Poci├│n de Poder	2	[{"changed": {"fields": ["Description", "Price", "Tier", "Categories", "Image"]}}]	10	1
179	2025-02-01 20:11:31.654189+01	14	Elixir de Defensa	2	[{"changed": {"fields": ["Description", "Price", "Tier", "Categories", "Image"]}}]	10	1
180	2025-02-01 20:13:36.029683+01	15	Elixir de Poder	2	[{"changed": {"fields": ["Description", "Price", "Tier", "Categories", "Image"]}}]	10	1
181	2025-02-04 19:25:39.651023+01	23	Objeto Pasivo	1	[{"added": {}}]	11	1
182	2025-02-04 19:37:09.594947+01	1	Conquista	1	[{"added": {}}]	12	1
183	2025-02-05 07:59:30.922978+01	1	Conquista	2	[{"changed": {"fields": ["Description"]}}]	12	1
184	2025-02-05 08:22:25.877175+01	1	Conquista	2	[{"changed": {"fields": ["Description"]}}]	12	1
185	2025-02-05 08:40:49.964088+01	1	Conquista	2	[{"changed": {"fields": ["Description", "Resume"]}}]	12	1
186	2025-02-05 08:47:12.490568+01	1	Conquista	2	[{"changed": {"fields": ["Statistics"]}}]	12	1
187	2025-02-05 08:47:24.644368+01	1	Conquista	2	[]	12	1
188	2025-02-05 08:47:33.46052+01	1	Conquista	2	[]	12	1
189	2025-02-05 08:49:58.325038+01	1	Conquista	2	[{"changed": {"fields": ["Statistics"]}}]	12	1
190	2025-02-05 08:52:00.562624+01	1	Conquista	2	[{"changed": {"fields": ["Statistics"]}}]	12	1
191	2025-02-05 08:54:45.251956+01	1	Conquista	2	[]	12	1
192	2025-02-05 08:56:30.863246+01	1	Conquista	2	[{"changed": {"fields": ["Description", "Minimap"]}}]	12	1
194	2025-02-05 09:30:33.181171+01	1	Conquista	2	[{"changed": {"fields": ["Unique gameplay mechanics"]}}]	12	1
195	2025-02-05 09:48:44.462597+01	1	Conquista	2	[{"changed": {"fields": ["Description"]}}]	12	1
196	2025-02-05 09:49:56.944163+01	1	Conquista	2	[{"changed": {"fields": ["Description"]}}]	12	1
197	2025-02-05 09:50:25.164267+01	1	Conquista	2	[{"changed": {"fields": ["Description"]}}]	12	1
198	2025-02-05 10:18:41.818284+01	1	Campamentos de Harp├¡as del Fondo	1	[{"added": {}}]	13	1
199	2025-02-05 12:23:02.435867+01	1	Conquista	2	[{"changed": {"fields": ["Jungle camps"]}}]	12	1
200	2025-02-05 12:26:41.048893+01	1	Campamentos de Harp├¡as del Fondo	2	[]	13	1
201	2025-02-05 12:47:06.626708+01	1	alematcap	2	[{"changed": {"fields": ["Role"]}}]	9	1
202	2025-02-05 12:50:43.163253+01	1	alematcap	2	[{"changed": {"fields": ["First name", "Last name"]}}]	4	1
203	2025-02-05 12:54:40.072923+01	1	alematcap	2	[{"changed": {"fields": ["Avatar"]}}]	9	1
204	2025-02-05 12:55:16.005434+01	1	alematcap	2	[{"changed": {"fields": ["Avatar"]}}]	9	1
205	2025-02-05 12:55:22.011246+01	1	alematcap	2	[{"changed": {"fields": ["Avatar"]}}]	9	1
206	2025-02-05 13:09:45.488408+01	2	plazamargura@gmail.com	3		4	1
207	2025-02-05 13:18:42.446422+01	3	josesito35	3		4	1
208	2025-02-05 14:16:42.502483+01	1	SMITE Version 12.1.8253 - 2025-02-05	1	[{"added": {}}]	15	1
209	2025-02-05 14:23:55.553739+01	1	SMITE Version 12.1.8253 - 2025-02-05	2	[{"changed": {"fields": ["Image"]}}]	15	1
210	2025-02-05 14:26:42.046588+01	1	SMITE Version 12.1.8253 - 2025-02-05	2	[{"changed": {"fields": ["God balance"]}}]	15	1
211	2025-02-05 14:56:00.156339+01	2	Arena	1	[{"added": {}}]	12	1
212	2025-02-05 14:56:40.981303+01	1	Conquista	2	[]	12	1
213	2025-02-05 14:58:32.501028+01	2	Arena	2	[{"changed": {"fields": ["Statistics", "Minimap"]}}]	12	1
214	2025-02-05 14:59:57.547157+01	1	Conquista	2	[]	12	1
215	2025-02-05 15:00:05.695352+01	2	Arena	2	[{"changed": {"fields": ["Description"]}}]	12	1
216	2025-02-11 19:06:47.972939+01	1	SMITE Version 12.1.8253 - 2025-02-05	2	[{"changed": {"fields": ["God balance"]}}]	15	1
217	2025-02-11 19:28:32.644713+01	1	SMITE Version 12.1.8253 - 2025-02-05	2	[]	15	1
218	2025-02-11 19:35:44.59768+01	1	Poseidon - SMITE Version 12.1.8253 (Buff)	1	[{"added": {}}]	16	1
219	2025-02-11 19:35:54.85608+01	1	Poseidon - SMITE Version 12.1.8253 (Buff)	2	[]	16	1
220	2025-02-11 19:42:06.294517+01	1	Poseidon - SMITE Version 12.1.8253 (Nerf)	2	[{"changed": {"fields": ["Abilities affected", "Change description", "Change type"]}}]	16	1
221	2025-02-11 19:55:31.497651+01	17	Lanza de la Desolaci├│n	1	[{"added": {}}]	10	1
222	2025-02-11 19:57:01.513285+01	17	Lanza de la Desolaci├│n	2	[{"changed": {"fields": ["Stats"]}}]	10	1
223	2025-02-11 19:57:18.715376+01	17	Lanza de la Desolaci├│n	2	[{"changed": {"fields": ["Stats"]}}]	10	1
224	2025-02-11 19:57:50.359842+01	17	Lanza de la Desolaci├│n	2	[{"changed": {"fields": ["Image"]}}]	10	1
225	2025-02-11 20:06:54.830555+01	1	Lanza de la Desolaci├│n - SMITE Version 12.1.8253 (Buff)	1	[{"added": {}}]	17	1
226	2025-02-12 14:09:22.015851+01	1	Poseidon - SMITE Version 12.1.8253 (Nerf)	3		16	1
227	2025-02-12 14:19:27.14714+01	1	Lanza de la Desolaci├│n - SMITE Version 12.1.8253 (Buff)	3		17	1
228	2025-02-12 14:19:34.060051+01	1	SMITE Version 12.1.8253 - 2025-02-05	3		15	1
229	2025-02-12 14:31:26.982817+01	1	SMITE 2025-01-21 Update 12.1.8253 (12.1) - 2025-02-12	1	[{"added": {}}]	20	1
230	2025-02-12 14:33:02.747905+01	1	Lanza de la Desolaci├│n - SMITE 2025-01-21 Update 12.1.8253 (12.1) (Buff)	1	[{"added": {}}]	21	1
231	2025-02-12 14:36:00.585203+01	1	Nerf - Poseidon (SMITE 2025-01-21 Update 12.1.8253 (12.1))	1	[{"added": {}}]	23	1
232	2025-02-12 14:48:31.487359+01	1	Remolino - Poseidon	1	[{"added": {}}]	22	1
233	2025-02-12 14:48:50.512661+01	2	┬íLibera el Kraken! - Poseidon	1	[{"added": {}}]	22	1
234	2025-02-12 14:57:44.113693+01	24	Base	1	[{"added": {}}]	11	1
235	2025-02-12 15:02:24.071618+01	18	Reliquia	1	[{"added": {}}]	10	1
236	2025-02-12 15:02:34.469847+01	18	Reliquia	2	[{"changed": {"fields": ["Image"]}}]	10	1
237	2025-02-12 15:12:46.865148+01	1	Lanza de la Desolaci├│n - SMITE 2025-01-21 Update 12.1.8253 (12.1) (Buff)	2	[{"changed": {"fields": ["Change description"]}}]	21	1
238	2025-02-12 16:09:15.654021+01	4	Fragmentos	2	[{"changed": {"fields": ["Name"]}}]	11	1
239	2025-02-12 16:09:25.158581+01	4	Fragmento	2	[{"changed": {"fields": ["Name"]}}]	11	1
240	2025-02-12 16:11:03.650549+01	19	Reliquia de Fragmento	1	[{"added": {}}]	10	1
241	2025-02-12 16:12:57.461662+01	20	Fragmento Dorado	1	[{"added": {}}]	10	1
242	2025-02-12 16:15:06.767238+01	21	Amuleto de Aegis	1	[{"added": {}}]	10	1
243	2025-02-12 16:26:59.137289+01	18	Reliquia	2	[]	10	1
244	2025-02-12 16:30:15.117183+01	22	M├íscara Protectora	1	[{"added": {}}]	10	1
245	2025-02-12 16:31:11.936713+01	22	M├íscara Protectora	2	[{"changed": {"fields": ["Stats"]}}]	10	1
246	2025-02-25 13:50:58.615077+01	23	Bendici├│n del Centinela	1	[{"added": {}}]	10	1
247	2025-02-25 13:51:30.574043+01	22	M├íscara Protectora	2	[]	10	1
248	2025-02-25 13:51:47.117431+01	23	Bendici├│n del Centinela	2	[{"changed": {"fields": ["Description"]}}]	10	1
249	2025-02-25 13:51:53.583412+01	22	M├íscara Protectora	2	[]	10	1
250	2025-02-25 13:52:51.182046+01	23	Bendici├│n del Centinela	2	[{"changed": {"fields": ["Stats"]}}]	10	1
251	2025-02-25 13:53:11.872666+01	23	Bendici├│n del Centinela	2	[{"changed": {"fields": ["Categories"]}}]	10	1
252	2025-03-05 17:38:11.299134+01	17	Lanza de la Desolaci├│n	2	[{"changed": {"fields": ["Description"]}}]	10	1
253	2025-03-05 17:42:38.092525+01	24	Amuleto de Aegis Mejorado	1	[{"added": {}}]	10	1
254	2025-03-05 17:42:43.337405+01	21	Amuleto de Aegis	2	[]	10	1
255	2025-03-05 17:43:54.657667+01	24	Amuleto de Aegis Mejorado	2	[{"changed": {"fields": ["Description", "Image"]}}]	10	1
256	2025-03-05 17:46:31.442852+01	25	Aegis de Aceleraci├│n	1	[{"added": {}}]	10	1
257	2025-03-05 17:46:43.006192+01	25	Aegis de Aceleraci├│n	2	[{"changed": {"fields": ["Description"]}}]	10	1
258	2025-03-05 17:51:44.356067+01	26	M├íscara de Lono	1	[{"added": {}}]	10	1
259	2025-03-05 17:51:51.607129+01	22	M├íscara Protectora	2	[]	10	1
260	2025-03-05 17:53:28.188816+01	26	M├íscara de Lono	2	[{"changed": {"fields": ["Stats"]}}]	10	1
261	2025-03-05 17:54:02.774622+01	26	M├íscara de Lono	2	[{"changed": {"fields": ["Categories"]}}]	10	1
262	2025-03-05 18:04:34.880794+01	27	Regalo de Centinela	1	[{"added": {}}]	10	1
263	2025-03-05 18:04:55.591913+01	23	Bendici├│n del Centinela	2	[{"changed": {"fields": ["From item"]}}]	10	1
264	2025-03-05 18:05:06.25869+01	27	Regalo de Centinela	2	[]	10	1
265	2025-03-05 18:05:20.011731+01	23	Bendici├│n del Centinela	2	[]	10	1
266	2025-03-05 18:06:03.154324+01	27	Regalo de Centinela	2	[{"changed": {"fields": ["Categories", "Stats"]}}]	10	1
267	2025-03-05 18:08:35.352303+01	28	Abrazo del Centinela	1	[{"added": {}}]	10	1
269	2025-03-05 18:09:12.155004+01	28	Abrazo del Centinela	2	[{"changed": {"fields": ["Stats"]}}]	10	1
270	2025-03-06 18:09:51.63625+01	29	Hoz de Loto	1	[{"added": {}}]	10	1
271	2025-03-06 18:09:57.620795+01	28	Abrazo del Centinela	2	[]	10	1
272	2025-03-06 18:11:01.967141+01	29	Hoz de Loto	2	[{"changed": {"fields": ["Stats"]}}]	10	1
273	2025-03-06 18:11:27.464383+01	29	Hoz de Loto	2	[{"changed": {"fields": ["Price", "Total price"]}}]	10	1
274	2025-03-06 18:13:39.120859+01	29	Hoz de Loto	2	[]	10	1
275	2025-03-06 18:15:36.928702+01	30	Soberan├¡a	1	[{"added": {}}]	10	1
276	2025-03-06 18:18:36.266792+01	31	Amuleto de Coraz├│n de Guardi├ín	1	[{"added": {}}]	10	1
277	2025-03-06 18:18:55.361075+01	31	Amuleto de Coraz├│n de Guardi├ín	2	[{"changed": {"fields": ["Price", "Total price"]}}]	10	1
278	2025-03-06 18:25:23.332791+01	32	Arondight	1	[{"added": {}}]	10	1
279	2025-03-06 18:28:03.518195+01	33	El Ejecutor	1	[{"added": {}}]	10	1
280	2025-03-06 18:34:45.479883+01	34	Guardia de Genji	1	[{"added": {}}]	10	1
281	2025-03-06 18:37:06.739715+01	35	Atuendo del Cazador Oni	1	[{"added": {}}]	10	1
282	2025-03-06 18:40:03.061403+01	36	Lanza de Magus	1	[{"added": {}}]	10	1
283	2025-03-06 18:42:18.672063+01	37	Escudo del Gladiador	1	[{"added": {}}]	10	1
284	2025-03-06 18:43:45.987107+01	38	Arco de Odiseo	1	[{"added": {}}]	10	1
285	2025-03-06 18:45:48.405141+01	39	Peto del Valor	1	[{"added": {}}]	10	1
286	2025-03-10 12:13:19.647361+01	40	Garra de Bancroft	1	[{"added": {}}]	10	1
287	2025-03-10 13:43:49.354758+01	1	Alejandro - alematcap	3		24	1
288	2025-03-10 13:43:54.190009+01	2	Alejandro - alematcap	3		24	1
289	2025-03-10 14:45:11.805464+01	3	sOAS - alematcap	3		24	1
290	2025-03-11 14:13:22.83719+01	5	dada - alematcap	1	[{"added": {}}]	24	1
291	2025-03-12 18:53:33.385138+01	7	SISI - alematcap	1	[{"added": {}}]	24	1
292	2025-03-12 18:55:44.520235+01	8	as - alematcap	1	[{"added": {}}]	24	1
293	2025-03-12 18:55:54.072137+01	9	ser - alematcap	1	[{"added": {}}]	24	1
294	2025-03-12 18:56:00.447629+01	10	7 - alematcap	1	[{"added": {}}]	24	1
295	2025-03-12 18:56:06.53495+01	11	8 - alematcap	1	[{"added": {}}]	24	1
296	2025-03-12 18:56:12.981905+01	12	9 - alematcap	1	[{"added": {}}]	24	1
297	2025-03-12 18:56:19.852935+01	13	10 - alematcap	1	[{"added": {}}]	24	1
298	2025-03-12 18:56:35.283603+01	14	11 - alematcap	1	[{"added": {}}]	24	1
299	2025-03-12 19:32:32.772002+01	14	11 - alematcap	3		24	1
300	2025-03-12 19:32:32.772002+01	13	10 - alematcap	3		24	1
301	2025-03-12 19:32:32.772002+01	12	9 - alematcap	3		24	1
302	2025-03-12 19:32:32.772002+01	11	8 - alematcap	3		24	1
303	2025-03-12 19:32:32.772002+01	10	7 - alematcap	3		24	1
304	2025-03-12 19:32:32.772002+01	9	ser - alematcap	3		24	1
305	2025-03-12 19:32:32.772002+01	8	as - alematcap	3		24	1
306	2025-03-12 19:32:32.772002+01	7	SISI - alematcap	3		24	1
307	2025-03-12 19:32:32.772002+01	6	sasa - alematcap	3		24	1
308	2025-03-12 19:32:32.772002+01	5	dada - alematcap	3		24	1
309	2025-03-12 19:32:32.772002+01	4	Tier - alematcap	3		24	1
310	2025-03-17 19:29:27.847423+01	41	Cuencas Temporales	1	[{"added": {}}]	10	1
311	2025-03-25 14:39:30.901305+01	5	angelito23	1	[{"added": {}}]	4	1
312	2025-03-25 14:39:48.091191+01	4	angelito23	1	[{"added": {}}]	9	1
313	2025-04-04 02:22:48.3609+02	6	duki07	1	[{"added": {}}]	4	1
314	2025-04-04 02:23:16.542342+02	5	duki07	1	[{"added": {}}]	9	1
315	2025-04-08 13:03:42.735169+02	3	angelito23, alematcap	3		34	1
316	2025-04-08 13:09:22.581337+02	4	angelito23, alematcap	3		34	1
317	2025-04-08 13:09:22.584346+02	5	angelito23, alematcap	3		34	1
318	2025-04-08 13:11:45.743128+02	7	angelito23, alematcap	3		34	1
319	2025-04-08 13:11:45.746468+02	6	angelito23, alematcap	3		34	1
320	2025-04-08 13:11:45.748485+02	2	angelito23, alematcap	3		34	1
321	2025-04-08 13:12:08.500609+02	8	angelito23, alematcap	3		34	1
322	2025-04-08 13:12:08.500609+02	1	Partida 25/03/2025	3		34	1
323	2025-04-08 13:18:11.927416+02	10	angelito23, alematcap	3		34	1
324	2025-04-08 13:18:11.929414+02	9	angelito23, alematcap	3		34	1
325	2025-04-08 18:36:50.720459+02	1	alematcap	2	[{"changed": {"fields": ["password"]}}]	4	1
326	2025-04-09 13:39:18.561533+02	4	angelito23	2	[{"changed": {"fields": ["Avatar"]}}]	9	1
\.


--
-- Data for Name: django_content_type; Type: TABLE DATA; Schema: public; Owner: postgres
--

COPY public.django_content_type (id, app_label, model) FROM stdin;
1	admin	logentry
2	auth	permission
3	auth	group
4	auth	user
5	contenttypes	contenttype
6	sessions	session
7	dioses	god
8	dioses	ability
9	accounts	account
10	objetos	item
11	objetos	itemcategory
12	gamemodes	gamemode
13	gamemodes	junglecamp
14	novedades	event
15	novedades	patchnotes
16	novedades	godbalance
17	novedades	itembalance
18	novedades	abilitybalance
19	news	event
20	news	patchnotes
21	news	itembalance
22	news	abilitybalance
23	news	godbalance
24	tierlist	tierlist
25	tierlist	tier
26	tierlist	tierlistcomment
27	forum	post
28	forum	category
29	forum	comment
30	builds	build
31	randomizer	randomizerhistory
32	stats	itemstat
33	stats	godstat
34	chat	chatroom
35	chat	message
36	builds	buildrating
\.


--
-- Data for Name: django_migrations; Type: TABLE DATA; Schema: public; Owner: postgres
--

COPY public.django_migrations (id, app, name, applied) FROM stdin;
1	contenttypes	0001_initial	2025-01-14 16:02:38.036198+01
2	auth	0001_initial	2025-01-14 16:02:38.170153+01
3	admin	0001_initial	2025-01-14 16:02:38.210243+01
4	admin	0002_logentry_remove_auto_add	2025-01-14 16:02:38.218411+01
5	admin	0003_logentry_add_action_flag_choices	2025-01-14 16:02:38.22892+01
6	contenttypes	0002_remove_content_type_name	2025-01-14 16:02:38.271775+01
7	auth	0002_alter_permission_name_max_length	2025-01-14 16:02:38.281736+01
8	auth	0003_alter_user_email_max_length	2025-01-14 16:02:38.290788+01
9	auth	0004_alter_user_username_opts	2025-01-14 16:02:38.301313+01
10	auth	0005_alter_user_last_login_null	2025-01-14 16:02:38.310914+01
11	auth	0006_require_contenttypes_0002	2025-01-14 16:02:38.313679+01
12	auth	0007_alter_validators_add_error_messages	2025-01-14 16:02:38.321919+01
13	auth	0008_alter_user_username_max_length	2025-01-14 16:02:38.340655+01
14	auth	0009_alter_user_last_name_max_length	2025-01-14 16:02:38.352394+01
15	auth	0010_alter_group_name_max_length	2025-01-14 16:02:38.363661+01
16	auth	0011_update_proxy_permissions	2025-01-14 16:02:38.373503+01
17	auth	0012_alter_user_first_name_max_length	2025-01-14 16:02:38.382785+01
18	sessions	0001_initial	2025-01-14 16:02:38.400664+01
19	dioses	0001_initial	2025-01-14 18:30:36.417741+01
20	dioses	0002_god_difficulty_alter_god_pantheon	2025-01-17 18:58:18.287453+01
21	dioses	0003_alter_god_pantheon	2025-01-17 19:03:45.163488+01
22	dioses	0004_god_damage_alter_god_attack_speed_alter_god_health_and_more	2025-01-19 15:43:59.50117+01
23	dioses	0005_alter_god_hp5_alter_god_mp5_and_more	2025-01-19 15:45:53.270395+01
24	dioses	0006_alter_ability_ability_type	2025-01-19 17:48:03.892261+01
25	accounts	0001_initial	2025-01-23 09:04:23.657951+01
26	objetos	0001_initial	2025-01-30 19:47:27.19124+01
27	objetos	0002_item_stats_item_total_price	2025-02-01 19:27:06.889904+01
28	objetos	0003_alter_item_tier	2025-02-01 19:31:26.231654+01
29	gamemodes	0001_initial	2025-02-04 19:33:03.465301+01
30	gamemodes	0002_gamemode_jungle_camps_gamemode_minimap_and_more	2025-02-05 08:40:08.96947+01
31	gamemodes	0003_alter_gamemode_description	2025-02-05 08:40:46.395489+01
32	gamemodes	0004_junglecamp_remove_gamemode_jungle_camps_and_more	2025-02-05 09:24:01.643961+01
33	accounts	0002_alter_account_role	2025-02-05 12:46:58.608737+01
34	accounts	0003_account_avatar	2025-02-05 12:49:09.723876+01
35	novedades	0001_initial	2025-02-05 14:08:33.398217+01
36	novedades	0002_alter_patchnotes_game_modes_and_more	2025-02-05 14:16:39.395436+01
37	novedades	0003_remove_patchnotes_god_balance_and_more	2025-02-11 19:27:46.483393+01
38	novedades	0004_godbalance_change_type_itembalance_change_type	2025-02-11 19:33:14.172848+01
39	news	0001_initial	2025-02-12 14:29:38.817453+01
40	tierlist	0001_initial	2025-03-10 12:19:31.242772+01
41	tierlist	0002_alter_tier_options_alter_tierlist_options_tier_notes_and_more	2025-03-10 12:31:43.056571+01
42	forum	0001_initial	2025-03-12 19:50:17.681633+01
43	builds	0001_initial	2025-03-13 19:08:44.303075+01
44	randomizer	0001_initial	2025-03-18 12:33:04.972883+01
45	builds	0002_build_is_random	2025-03-19 14:10:27.901087+01
46	chat	0001_initial	2025-03-20 14:48:52.133603+01
47	stats	0001_initial	2025-03-20 14:48:52.253015+01
48	builds	0003_buildrating	2025-04-03 19:30:39.929193+02
49	forum	0002_post_views	2025-04-09 14:05:26.366347+02
\.


--
-- Data for Name: django_session; Type: TABLE DATA; Schema: public; Owner: postgres
--

COPY public.django_session (session_key, session_data, expire_date) FROM stdin;
8fevd462nak2y6b28klg9k6lcvj1ksfa	.eJxVjDsOwjAQBe_iGlnxJ7aXkj5nsHb9wQHkSHFSIe5OLKWA9s3MezOP-1b83tLq58iuTLDL70YYnql2EB9Y7wsPS93WmXhX-Ekbn5aYXrfT_Tso2MpRI8gMxjqVibK2ymgNwoFEI1XGkQA6BmcAYhBqPDTraJBgXEZDA_t8Acs-N00:1u7Bnu:A7wDogLmuWvEQDsHTo7ELVz2ZyU8PxQxcd-bvUR119Q	2025-05-06 13:28:42.867966+02
z9o0pp2uja4c5rn9zylknm1l9949jwp5	.eJxVjDsOwjAQBe_iGlnxZ-MNJT1nsHbXDg4gR4qTCnF3iJQC2jcz76UibWuJW8tLnJI6K6NOvxuTPHLdQbpTvc1a5rouE-td0Qdt-jqn_Lwc7t9BoVa-9Sje9ZYhoRU0EKhzNnTog00weOcFA7J3ANyzgdGZATMhGxQiYmD1_gC4YzdB:1tmu89:P5isbYZVXoo0Wlov1fm80auT67lcYCgy9LpI7BAewMg	2025-03-11 13:33:45.449252+01
\.


--
-- Data for Name: forum_category; Type: TABLE DATA; Schema: public; Owner: postgres
--

COPY public.forum_category (id, name, slug) FROM stdin;
\.


--
-- Data for Name: forum_comment; Type: TABLE DATA; Schema: public; Owner: postgres
--

COPY public.forum_comment (id, content, created_at, author_id, post_id) FROM stdin;
6	si si	2025-04-08 18:00:53.09155+02	1	2
7	hola	2025-04-09 13:36:53.828479+02	5	2
\.


--
-- Data for Name: forum_post; Type: TABLE DATA; Schema: public; Owner: postgres
--

COPY public.forum_post (id, title, content, created_at, updated_at, author_id, category_id, views) FROM stdin;
3	Claro	dsnaldna	2025-04-09 13:59:28.379493+02	2025-04-09 13:59:28.379493+02	1	\N	0
2	Hola	sisi	2025-04-07 18:21:40.862196+02	2025-04-09 14:07:52.1336+02	1	\N	4
\.


--
-- Data for Name: gamemodes_gamemode; Type: TABLE DATA; Schema: public; Owner: postgres
--

COPY public.gamemodes_gamemode (id, name, description, image, minimap, resume, statistics, unique_gameplay_mechanics) FROM stdin;
2	Arena	Este es un modo de juego de muerte por equipos 5vs5 que tiene lugar en una peque├▒a arena. Los jugadores pueden unirse a este modo de juego desde el nivel 1 de su cuenta.\r\n\r\nEste mapa no tiene carriles ni torres y no hay Titanes que derrotar. En su lugar, cada equipo tiene un contador de boletos con 500 boletos. El objetivo en Arena es reducir el contador de boletos del equipo enemigo a 0. Los jugadores pueden lograr esto mediante:\r\n\r\nMatar a un Dios enemigo, lo que deduce 5 boletos.\r\nDar el ├║ltimo golpe o asistir en la muerte de un minion enemigo, lo que deduce 1 boleto (los minions que se maten entre ellos sin la intervenci├│n de dioses no deducir├ín boletos).\r\nAcompa├▒ar a los minions aliados hasta el portal enemigo frente a su base, lo que deduce 1 boleto por cada minion.\r\nAcompa├▒ar a un Minotauro aliado hasta el portal enemigo, lo que deduce 15 boletos.\r\nLos minions aparecen en los lados izquierdo y derecho de cada base y marchan por los caminos de tierra hacia el centro de la arena. Si no hay minions ni dioses enemigos que los ataquen, se dirigir├ín directamente al centro de la base enemiga, donde se encuentra un portal. Los minions que lleguen al portal hacen que el enemigo pierda boletos. Los minions aparecen en oleadas de siete cada 20 segundos, alternando entre los puntos de aparici├│n. Adem├ís, los objetos Starter EyeoftheJungle T1 Eye of the Jungle, sus mejoras y EmperorsArmor T3 Emperor's Armor est├ín deshabilitados en este modo de juego.\r\n\r\nUn superminion especial, el Minotauro, aparecer├í cada vez que un equipo consiga 10 muertes. El Minotauro tiene una gran cantidad de vida y ataques cuerpo a cuerpo fuertes. Los Minotauros se mover├ín junto con las oleadas de minions regulares, ignorando a los minions enemigos, pero se detendr├ín si un dios enemigo est├í cerca. Comenzar├ín a atacar a los jugadores solo si se interponen en su camino, enfoc├índose en ellos hasta que el objetivo muera o otro jugador enemigo se acerque. Los Minotauros ignorar├ín a los jugadores enemigos y avanzar├ín si un dios aliado est├í cerca.\r\n\r\nHay dos salidas en cada base, ubicadas en los extremos izquierdo y derecho. Hay un F├®nix invulnerable protegiendo cada entrada. Tambi├®n hay campamentos neutrales de buff en los lados izquierdo y derecho de la arena.\r\n\r\nLos equipos respawnean en oleadas en este modo. Hay un solo temporizador para todo el equipo que est├í constantemente en cuenta regresiva. Por lo tanto, si un jugador muere justo antes de que termine el temporizador del equipo, resucitar├í casi de inmediato. El temporizador del equipo aumenta en duraci├│n cuanto m├ís adelante est├® ese equipo en la puntuaci├│n, hasta un m├íximo de 60 segundos.\r\n\r\nUna vez que un equipo llegue a 10 boletos, matar minions est├índar (Cuerpo a cuerpo y Arqueros) ya no deducir├í boletos. Matar minions Brute y acompa├▒ar a los minions aliados a trav├®s del portal enemigo seguir├í deduciendo boletos.	modes/Queue_Arena.webp	minimaps/UnderworldArenaV108_Minimap.webp	En Arena, dos equipos de cinco jugadores se enfrentan en una peque├▒a arena sin carriles ni torres. No hay Titanes en este modo. En su lugar, el objetivo de los jugadores es reducir el contador de boletos del equipo enemigo a 0. Cada equipo comienza con 500 boletos y existen reglas espec├¡ficas para reducir los boletos enemigos.\r\n\r\nHay dos salidas en cada base, ubicadas en los lados m├ís a la izquierda y m├ís a la derecha. Hay un F├®nix invulnerable protegiendo cada entrada. Tambi├®n hay campamentos neutrales de buff en los lados izquierdo y derecho de la arena.	{"oro_inicial": 1500, "generacion_xp": "11 por segundo", "nivel_inicial": 3, "tiempo_jungla": "0:00", "generacion_oro": "11 por segundo", "tiempo_minions": "0:00", "jugadores_equipo": 5, "tiempo_preparacion": "1:00"}	
1	Conquista	Dos equipos de cinco jugadores se enfrentan en un mapa de tres carriles. Los jugadores pueden unirse a este modo de juego desde el nivel 1 de su cuenta.\r\n\r\nEste es un modo MOBA t├¡pico, con dos bases en lados opuestos del mapa conectadas por tres carriles. Cada carril est├í protegido por dos torres y un F├®nix. Entre estos carriles est├í la jungla, que es un laberinto que conecta los carriles y contiene varios campamentos de monstruos neutrales que otorgan diferentes mejoras y bonificaciones al jugador que los derrota.\r\n\r\nEl objetivo principal de este modo es que los jugadores asalten las defensas enemigas y destruyan el Tit├ín en el centro de su base, mientras evitan que el enemigo destruya el suyo. El primer equipo en destruir el Tit├ín enemigo gana.\r\n\r\nEl juego comienza despu├®s de un breve tiempo de configuraci├│n, donde los jugadores pueden gastar su oro inicial y recorrer el mapa para colocar guardianes o enfrentar a los dioses enemigos. No hay minions en los carriles ni monstruos de jungla durante este tiempo de configuraci├│n. Los minions de los carriles aparecen en cada carril despu├®s de este tiempo de configuraci├│n.\r\n\r\nPara avanzar y derrotar al Tit├ín enemigo, los jugadores deben destruir todas las estructuras de al menos un carril. Todas las estructuras de cada carril son invulnerables hasta que se destruye la m├ís alejada de la base. El Tit├ín no puede ser atacado hasta que al menos un F├®nix haya ca├¡do, y es m├ís fuerte mientras m├ís estructuras queden defendiendo.\r\n\r\nEl mapa de Conquista tiene un tema Grecorromano, que recuerda a los mapas anteriores, combinando espec├¡ficamente el mapa de la Open Beta y el mapa de la Temporada 2 de Conquista.	modes/Queue_Conquest_S9.webp	minimaps/ConquestV11_Minimap.webp	En Conquista, dos equipos de cinco jugadores se enfrentan en un mapa de tres carriles.\r\nEste es un modo MOBA t├¡pico, con dos bases en lados opuestos del mapa conectadas por tres carriles. Cada carril est├í protegido por dos torres y un F├®nix.\r\nEl objetivo principal de este modo es que los jugadores asalten las defensas enemigas y destruyan el Tit├ín en el centro de su base, mientras evitan que el enemigo destruya el suyo. El primer equipo en destruir el Tit├ín enemigo gana.\r\nPara obtener m├ís informaci├│n detallada sobre este modo de juego, visita su art├¡culo principal: Conquista.	{"oro_inicial": 1500, "generacion_xp": "Ninguna", "nivel_inicial": 1, "tiempo_jungla": "0:20", "generacion_oro": "3 por segundo", "tiempo_minions": "0:00", "jugadores_equipo": 5, "tiempo_preparacion": "1:50"}	Puertas de la Base: Hay cuatro de estas, dos en cada base de los equipos, ubicadas en las paredes entre los f├®nixes. Funcionan como paredes de jungla cuando est├ín cerradas y como caminos de jungla cuando est├ín abiertas. En el caso de las habilidades, funcionan como paredes creadas por los jugadores. Estas puertas se pueden abrir inmediatamente al estar en el ├írea dentro de la base, frente a la puerta.\r\n\r\nCampamentos de Cham├ín: Hay dos de estos, ambos en el lugar donde normalmente aparecen las Harp├¡as del Fondo. Aparecen 60 segundos despu├®s de que los jugadores limpien el campamento (el mismo tiempo en que las Harp├¡as del Fondo respawnean) y duran hasta los siguientes 5 respawn (2 minutos (120 segundos de respawn)) antes de volver a las Harp├¡as del Fondo. Est├í compuesto por un l├¡der Cham├ín y dos guardias Cham├ín, y cuando el l├¡der es derrotado, los T├│tems Espirituales se activan, otorgando a los jugadores diferentes bonificaciones a sus mejoras antes de obtenerlo y tiene una duraci├│n de 120s.\r\n          Esp├¡ritu Azul: +10/12.5/15% Reducci├│n de Tiempo de Recarga\r\n          Esp├¡ritu Dorado: +3/5/7 Penetraci├│n plana y +5% Penetraci├│n\r\n          Esp├¡ritu Violeta: +10/12.5/15% Velocidad de Ataque\r\n          Esp├¡ritu Carmes├¡: +12.5/15/17.5% Robo de Vida F├¡sico/Habilidad\r\n          Esp├¡ritu Verde: +10/12/14% Salud/Mana\r\n\r\nBastiones de Torre: Hay doce de estos, seis por lado, y dos por carril, dentro del radio de la Torre de Nivel 1. Mientras est├®n activos, proporcionan una mitigaci├│n de da├▒o del 25% cada uno (50% en total por Torre de Nivel 1), tienen una reducci├│n del 90% de curaci├│n y pueden ser da├▒ados por Ataques B├ísicos o Habilidades de los jugadores. Los Bastiones recompensan a los jugadores con 50 de oro y tienen las siguientes estad├¡sticas:\r\n          1000 de salud\r\n          60 de Protecci├│n F├¡sica\r\n          45 de Protecci├│n M├ígica\r\n          Recompensa en oro: 100 (200 en total)\r\n\r\nEfigie: Hay una de estas, dentro del campamento del Gigante de Fuego, que aparece cuando el Gigante de Fuego llega al 85% de salud, puede ser da├▒ada tanto por Ataques B├ísicos como por Habilidades, y cuando se destruye, el Gigante de Fuego recibe un 15% de da├▒o aumentado de todas las fuentes durante 15s.\r\n          600 de Salud\r\n\r\nFaro Estigio: Hay uno de estos, en el campamento m├ís cercano al carril central, detr├ís del campamento de las Harp├¡as del Medio en el lado de la Furia Dorada. Se activa a los 12 minutos de juego y tiene un tiempo de recarga de 5 minutos. Cada vez que un equipo capture con ├®xito el Faro Estigio, todas las estructuras que se puedan da├▒ar recibir├ín una gran cantidad de da├▒o que se acumula hasta 3 veces, independientemente de qu├® equipo lo haya capturado.\r\n          Primera captura: 500 de da├▒o\r\n          Segunda captura: 700 de da├▒o\r\n          Tercera captura: 900 de da├▒o\r\n\r\nTeleportadores: Hay dos de estos, uno al otro lado del carril largo, detr├ís del campamento de la Furia Dorada, y otro al otro lado del carril corto detr├ís del campamento del Gigante de Fuego. Se activan a los 8 minutos de juego, y para teletransportarse de un lado del mapa al otro, los jugadores deben estar en la plataforma del teletransportador durante 4.5s. Despu├®s de 4.5s, todos los jugadores (incluso los jugadores enemigos) que est├®n de pie en ella se teletransportar├ín, pero no podr├ín teletransportarse nuevamente durante 2 minutos (120 segundos).
\.


--
-- Data for Name: gamemodes_gamemode_jungle_camps; Type: TABLE DATA; Schema: public; Owner: postgres
--

COPY public.gamemodes_gamemode_jungle_camps (id, gamemode_id, junglecamp_id) FROM stdin;
1	1	1
\.


--
-- Data for Name: gamemodes_junglecamp; Type: TABLE DATA; Schema: public; Owner: postgres
--

COPY public.gamemodes_junglecamp (id, name, description) FROM stdin;
1	Campamentos de Harp├¡as del Fondo	Hay cuatro de estos, ubicados cerca de las Torres de Nivel 2 de los carriles de d├║o y solo. Est├ín compuestos por dos Harp├¡as y una Harp├¡a Anciana. Aparecen 30 segundos despu├®s de comenzar el juego y tienen un tiempo de respawn de 60 segundos.
\.


--
-- Data for Name: news_abilitybalance; Type: TABLE DATA; Schema: public; Owner: postgres
--

COPY public.news_abilitybalance (id, change_description, ability_id, god_balance_id) FROM stdin;
1	- Aumento del Cooldown de 15/14/13/12/11 s a 15/14.5/14/13.5/13 s.	50	1
2	- Aumento del Cooldown de 90s a 100s	51	1
\.


--
-- Data for Name: news_event; Type: TABLE DATA; Schema: public; Owner: postgres
--

COPY public.news_event (id, title, publication_date, image, description, standard_tracks, quests) FROM stdin;
\.


--
-- Data for Name: news_godbalance; Type: TABLE DATA; Schema: public; Owner: postgres
--

COPY public.news_godbalance (id, change_type, general_change, god_id, patch_id) FROM stdin;
1	Nerf		8	1
\.


--
-- Data for Name: news_itembalance; Type: TABLE DATA; Schema: public; Owner: postgres
--

COPY public.news_itembalance (id, change_description, change_type, item_id, patch_id) FROM stdin;
1	- Costo reducido de 2350 a 2300\r\n\r\n- Reducci├│n de Cooldown de definitiva en la pasiva aumentada de 6 s a 10 s	Buff	17	1
\.


--
-- Data for Name: news_patchnotes; Type: TABLE DATA; Schema: public; Owner: postgres
--

COPY public.news_patchnotes (id, title, publication_date, image, game_modes, new_god_skin, new_voice_pack, new_god_skin_voice_actors) FROM stdin;
1	SMITE 2025-01-21 Update 12.1.8253 (12.1)	2025-02-12	patch_notes/Wallpaper-Cthuwu-Cthulhu-2650x695_8iFLcqk.webp		\N	\N	
\.


--
-- Data for Name: objetos_item; Type: TABLE DATA; Schema: public; Owner: postgres
--

COPY public.objetos_item (id, name, description, price, tier, image, from_item_id, stats, total_price) FROM stdin;
23	Bendici├│n del Centinela	Pasiva: Obtener una asistencia cuando un enemigo muere restaura un 4 % de tu salud y un 4 % de tu man├í. Si tienes la menor cantidad de oro en tu equipo, la asistencia tambi├®n otorga 20 de oro adicional.	1250	2	items/Starter_SentinelsBoon_T2_1.webp	27	{"MP5": "+20", "Salud": "+250", "Protecci├│n F├¡sica": "+40", "Protecci├│n M├ígica": "+40"}	1800
19	Reliquia de Fragmento	Las reliquias de fragmento otorgan poderes especiales disponibles para todos los dioses. Estas reliquias son gratuitas y pueden mejorarse a una nueva reliquia al alcanzar el Nivel 12.	0	\N	items/ShardRelic_Empty.webp	\N	{}	0
1	Bebida de Baba	Esta poci├│n solo est├í disponible si Baba Yaga pertenece a tu equipo.	50	\N	items/BabasBrew.webp	\N	{}	50
2	Bomba R├║nica	Se obtiene derrotando al Piromante presente en la jungla de Conquista.	50	\N	items/RunicBomb.webp	\N	{}	50
3	Poci├│n de Curaci├│n	Restaura 250 de vida tras 25 segundos.	50	\N	items/HealthPotion.webp	\N	{}	50
4	Poci├│n de Man├í	Recupera 150 de man├í tras 25 segundos.	50	\N	items/ManaPotion.webp	\N	{}	50
5	Poci├│n M├║ltiple	Restaura 125 de vida y 75 de man├í despu├®s de 25 segundos.	50	\N	items/MultiPotion.webp	\N	{}	50
6	Centinela	Detecta a los enemigos que pasen en un radio desde 45 unidades desde su posici├│n. Dura 3 minutos o hasta que lo destroce el rival.	50	\N	items/Icons_Wards_Basic_01.webp	\N	{}	50
20	Fragmento Dorado	Pasiva: Todos los ataques b├ísicos tambi├®n alcanzar├ín a los enemigos dentro de un radio de 10 unidades del objetivo, infligiendo un 15 % del da├▒o a dioses y un 15 % del da├▒o a s├║bditos y campamentos de la jungla.\r\n\r\nLas reliquias de fragmento pueden mejorarse a un nuevo relicario al alcanzar el Nivel 12.	0	\N	items/GoldenShard_Relic.webp	\N	{}	0
18	Reliquia	Las reliquias otorgan poderes especiales disponibles para todos los dioses. Tu primera reliquia es gratuita al alcanzar el Nivel 1, y tu segundo reliquia se desbloquea al llegar al Nivel 12.	0	\N	items/Relic_Empty.webp	\N	{}	0
9	Centinela de Vigilancia	Este centinela detecta a los dem├ís centinelas y enemigos en un rango de 45 unidades. Dura 3 minutos o hasta que lo destrocen.	120	\N	items/Icons_Wards_Consumable_01.webp	\N	{}	120
8	Centinela Cuervo	Lanzas un cuervo que vuela y detecta a todos los enemigos con los que se cruza en 50 unidades.	75	\N	items/RavenWard_Consumable.webp	\N	{}	75
7	Centinela de Proximidad	Revela a los centinelas que se colocan en su proximidades. Si un enemigo pasa por su lado, el centinela explota, exponiendo y ralentizando al enemigo.	75	\N	items/ProximityWard_Consumable.webp	\N	{}	75
10	Poci├│n del Bar├│n	Solo disponible en la tienda si hay un Bar├│n Samedi en tu equipo. Regenera 140 de salud y 100 de man├í durante 20 segundos, y tienes 3 usos que se recuperan cuando vuelves a la base.	150	\N	items/BaronsBrew.webp	\N	{}	150
11	C├íliz de Curaci├│n	Recupera 250 de salud durante 25 segundos. Tiene 3 usos que se recuperan cuando vuelves a la base.	300	\N	items/Container_ChaliceofHealing.webp	\N	{}	300
12	C├íliz del Or├ículo	Coloca un centinela que detecta a los enemigos en un radio de 45 unidades. Tiene 2 usos que se recuperan cuando vuelves a la base.	400	\N	items/Container_ChaliceoftheOracle.webp	\N	{}	400
13	Poci├│n de Poder	Incrementa tu da├▒o f├¡sico por 40, da├▒o m├ígico por 70 y penetraci├│n por 10 durante 5 minutos o hasta que seas asesinado.	500	\N	items/PotionofPhysicalMight.webp	\N	{}	500
14	Elixir de Defensa	Este consumible otorga 50 de protecci├│n f├¡sica y m├ígica, 10% de mitigaci├│n, 20% de reducci├│n de control de masas y reduce el da├▒o recibido por las estructuras un 25% durante 6 minutos. Su efecto persiste aunque seas asesinado.	3000	\N	items/ElixirofDefense_T3.webp	\N	{}	3000
15	Elixir de Poder	Este consumible incrementa el poder m├ígico y f├¡sico un 25%, incrementa el da├▒o que haces a las estructuras un 25% y otorga un 10% de penetraci├│n extra. Su efecto dura 6 minutos, y no importa que seas asesinado.	3000	\N	items/ElixirofPower_T3.webp	\N	{}	3000
17	Lanza de la Desolaci├│n	Pasiva: Si consigues una eliminaci├│n o asistencia en un dios enemigo, el tiempo de reutilizaci├│n de todas tus habilidades no definitivas se reduce en 2 segundos, y el de tu habilidad definitiva se reduce en 10 segundos.	900	3	items/SpearofDesolation_T3.webp	\N	{"Poder M├ígico": 80, "Penetraci├│n M├ígica": 15, "Reducci├│n de Cooldown": "10%"}	900
24	Amuleto de Aegis Mejorado	Al usar este objeto, te vuelves invulnerable al da├▒o y la curaci├│n durante 1.5 segundos, y no puedes realizar ninguna acci├│n. Sin embargo, a├║n puedes moverte.\r\n\r\nTiempo de reutilizaci├│n: 140 s.\r\n\r\nInflige da├▒o o aplica control de masas a dioses enemigos para mejorar este relicario de forma gratuita. Solo puedes obtener una acumulaci├│n por segundo.	300	2	items/GreaterAegisAmulet_Relic_S9.webp	21	{}	300
21	Amuleto de Aegis	Al usar este objeto, te vuelves invulnerable al da├▒o y la curaci├│n durante 1.5 segundos, y no puedes realizar ninguna acci├│n. Sin embargo, a├║n puedes moverte.\r\n\r\nTiempo de reutilizaci├│n: 170 s.\r\n\r\nElimina o asiste en la eliminaci├│n de s├║bditos para mejorar este relicario de forma gratuita.	0	1	items/AegisAmulet_Relic_S9.webp	\N	{}	0
25	Aegis de Aceleraci├│n	Al usar este objeto, te vuelves invulnerable al da├▒o y la curaci├│n durante 1.5 segundos, y no puedes realizar ninguna acci├│n. Sin embargo, a├║n puedes moverte.\r\n\r\nCada instancia de da├▒o prevenido durante este tiempo te otorga un 7 % de velocidad de movimiento durante 4 segundos, acumul├índose hasta 3 veces.\r\n\r\nTiempo de reutilizaci├│n: 140 s.	500	3	items/AegisofAcceleration_Relic_S9.webp	24	{}	800
22	M├íscara Protectora	Pasiva: Reduce el da├▒o infligido en un 6 % + 0.25 % por nivel de tu dios.\r\nReduce el da├▒o recibido en un 6 % + 0.25 % por nivel de tu dios.\r\n\r\nPasiva: Obtener una asistencia en la eliminaci├│n de un s├║bdito enemigo o un monstruo de la jungla otorga 8 de oro adicional y restaura 12 de salud y 15 de man├í. Si no est├ís dentro de un radio de 30 unidades de un dios aliado durante 20 segundos, esta pasiva se desactiva hasta que vuelvas a estar cerca de un aliado.\r\n\r\nPuede mejorarse al nivel 15.	550	1	items/LonosMask_T1.webp	\N	{"Man├í": "+100", "Salud": "+125"}	550
26	M├íscara de Lono	Obtienes 6 de oro cada 5 segundos (GP5) si tienes la menor cantidad de oro en tu equipo.\r\n\r\nGanas 5 acumulaciones de Cobard├¡a. Cada acumulaci├│n reduce tu da├▒o infligido y tu curaci├│n en un 10 %.\r\n\r\nPor cada 45 de protecciones obtenidas a trav├®s de objetos, eliminas una acumulaci├│n de Cobard├¡a.\r\n\r\nAl eliminar una acumulaci├│n de Cobard├¡a, ganas una acumulaci├│n de Valent├¡a.\r\n\r\nPor cada acumulaci├│n de Valent├¡a:\r\n\r\nObtienes +2 % de mitigaci├│n de da├▒o.\r\nOtorgas 4 de protecci├│n f├¡sica y m├ígica a todos los dioses aliados dentro de un radio de 55 unidades.	1350	2	items/LonosMask_T3.webp	22	{"Man├í": "+200", "Salud": "+250", "Reducci├│n de Control de Masas": "+10%"}	1900
31	Amuleto de Coraz├│n de Guardi├ín	Aura: Los dioses aliados dentro de 70 unidades obtienen +15 de protecci├│n m├ígica y +30 de MP5.	800	3	items/HeartwardAmulet_T3.webp	\N	{"Man├í": "+200", "Salud": "+250", "Protecci├│n M├ígica": "+45"}	800
32	Arondight	Pasiva: Cuando tu habilidad definitiva termina de lanzarse, revela a todos los dioses enemigos dentro de 120 unidades durante 10 segundos.\r\n\r\nMientras te mueves hacia enemigos revelados, ganas +20 % de velocidad de movimiento.\r\n\r\nAl atacar por primera vez a un enemigo revelado, este recibe 30 + 50 % de tu poder f├¡sico como da├▒o adicional.\r\n\r\nEste efecto solo puede ocurrir una vez cada 45 segundos.\r\n\r\nEste objeto solo est├í disponible para Asesinos, Guerreros y Cazadores.	1000	3	items/Arondight_T3.webp	\N	{"Cooldown": "+10%", "Poder F├¡sico": "+50", "Velocidad de Movimiento": "+7%"}	1000
27	Regalo de Centinela	Pasiva: Obtener una asistencia en la eliminaci├│n de un s├║bdito enemigo o un monstruo de la jungla otorga 8 de oro adicional y restaura 12 de salud y 8 de man├í.\r\n\r\nSi no est├ís dentro de un radio de 30 unidades de un dios aliado durante 20 segundos, esta pasiva se desactiva hasta que vuelvas a estar cerca de un aliado.\r\n\r\nPuede mejorarse al nivel 15.	550	1	items/Starter_SentinelsGift_T1.webp	\N	{"MP5": "+7", "Salud": "+100", "Protecci├│n F├¡sica": "+10", "Protecci├│n M├ígica": "+10"}	550
33	El Ejecutor	Pasiva: Los ataques b├ísicos contra un enemigo reducen su protecci├│n f├¡sica en un 7 % durante 3 segundos (m├íximo 4 acumulaciones).	800	3	items/The_Executioner.webp	\N	{"Poder F├¡sico": "+30", "Velocidad de Ataque": "+20%"}	800
28	Abrazo del Centinela	Aura: Obtienes 8 de oro cada 5 segundos (GP5) si tienes la menor cantidad de oro en tu equipo.\r\n\r\nDistribuye 80 de protecci├│n f├¡sica y m├ígica de manera equitativa entre todos los dioses aliados dentro de 70 unidades, incluy├®ndote a ti mismo.\r\n\r\nSi est├ís solo, solo recibes 30 de protecci├│n f├¡sica y m├ígica.	1250	2	items/Starter_SentinelsEmbrace_T2.webp	27	{"MP5": "+20", "Salud": "+150", "Protecci├│n F├¡sica": "+25", "Protecci├│n M├ígica": "+25"}	1800
34	Guardia de Genji	Pasiva: Cuando recibes da├▒o m├ígico de habilidades, tus tiempos de reutilizaci├│n se reducen en 3 segundos.\r\n\r\nEste efecto solo puede ocurrir una vez cada 30 segundos.	950	3	items/GenjisGuard_T3.webp	\N	{"MP5": "+40", "Salud": "+100", "Cooldown": "+10%", "Protecci├│n M├ígica": "+60"}	950
35	Atuendo del Cazador Oni	Pasiva: Por cada dios enemigo dentro de 55 unidades de ti, ganas una acumulaci├│n de 4 % de mitigaci├│n de da├▒o. Este efecto tiene un l├¡mite de 3 acumulaciones.	850	\N	items/OniHuntersGarb_T3.webp	\N	{"MP5": "+30", "Salud": "+150", "Protecci├│n M├ígica": "+50", "Reducci├│n de Control de Masas": "+20%"}	850
29	Hoz de Loto	Pasiva: Cualquier dios afectado por tu habilidad de curaci├│n recibe 10 de protecci├│n f├¡sica y m├ígica adicional durante 5 segundos.	650	3	items/LotusSickle_T3.webp	\N	{"Salud": "+250", "Cooldown": "+10%", "Protecci├│n F├¡sica": "+25", "Velocidad de Movimiento": "+7%"}	650
30	Soberan├¡a	Aura: Los dioses aliados dentro de 70 unidades obtienen +15 de protecci├│n f├¡sica y +25 de HP5.	750	3	items/Sovereignty_T3.webp	\N	{"Salud": "+20", "Protecci├│n F├¡sica": "+40"}	750
36	Lanza de Magus	Pasiva: Cada vez que infliges da├▒o a un dios enemigo con una habilidad, lo marcas para recibir un 5 % de da├▒o adicional de todas las fuentes. Este efecto dura 8 segundos y solo puede ocurrir una vez cada 8 segundos.	800	3	items/SpearoftheMagus_T3.webp	\N	{"Poder M├ígico": "+95", "Penetraci├│n M├ígica": "+10%", "Robo de Vida M├ígico": "+12%"}	800
37	Escudo del Gladiador	Pasiva: Al da├▒ar a un dios enemigo con una habilidad, infliges 15 + 25 % de tus protecciones obtenidas de objetos y habilidades como da├▒o f├¡sico adicional.\r\n\r\nEste efecto solo puede activarse una vez por enemigo por habilidad.\r\n\r\nLos golpes posteriores al mismo objetivo infligen la mitad del da├▒o adicional durante los siguientes 3 segundos.	900	3	items/GladiatorsShield_T2.webp	\N	{"HP5": "+25", "Salud": "+200", "Cooldown": "+10%", "Protecci├│n F├¡sica": "+40"}	900
38	Arco de Odiseo	Pasiva: Cada cuarto ataque b├ísico desencadena un rayo en cadena, da├▒ando al objetivo y hasta 4 enemigos cercanos por 15 de da├▒o + 60 % de tu poder total de ataque b├ísico.	1100	3	items/OdysseusBow_T3.webp	\N	{"Velocidad de Ataque": "+35%"}	1100
39	Peto del Valor		1050	3	items/BreastPlateofValor_T3.webp	\N	{"MP5": "+15", "Man├í": "+300", "Cooldown": "+20%", "Protecci├│n F├¡sica": "+50"}	1050
40	Garra de Bancroft	Pasiva: Ganas poder m├ígico adicional y robo de vida seg├║n la salud que te falte.\r\n\r\nEste efecto se limita a un m├íximo de 70 de poder y 15 % de robo de vida al tener 40 % de salud.	1000	3	items/BancroftsTalon_T3.webp	\N	{"Man├í": "+200", "Poder M├ígico": "+80", "Robo de Vida M├ígico": "+15%"}	1000
41	Cuencas Temporales	Al usar este objeto, eliminas los efectos de control de masas y te vuelves inmune a nuevos efectos durante 2 segundos.\r\n\r\nAdem├ís, tus tiempos de reutilizaci├│n activos se reducen en 3 segundos al usarlo.\r\n\r\nTiempo de reutilizaci├│n: 140 s.	500	3	items/TemporalBeads_Relic_S9.webp	\N	{}	500
\.


--
-- Data for Name: objetos_item_categories; Type: TABLE DATA; Schema: public; Owner: postgres
--

COPY public.objetos_item_categories (id, item_id, itemcategory_id) FROM stdin;
16	1	3
17	2	3
18	3	3
19	4	3
20	5	3
21	6	3
22	7	3
23	8	3
24	9	3
25	10	3
26	11	3
27	12	3
28	13	3
29	14	3
30	15	3
31	17	8
32	17	5
33	17	14
34	17	23
35	18	24
36	18	2
37	19	24
38	19	2
39	20	2
40	20	4
41	21	2
42	22	16
43	22	1
44	22	11
45	23	18
46	23	11
47	23	21
48	23	15
49	23	1
50	24	2
51	25	2
52	26	1
53	26	16
54	26	10
55	26	11
56	27	1
57	27	18
58	27	11
59	27	21
60	27	15
61	28	1
62	29	8
63	29	11
64	29	17
65	29	21
66	29	23
67	30	11
68	30	21
69	30	23
70	31	16
71	31	11
72	31	23
73	31	15
74	32	8
75	32	17
76	32	6
77	32	23
78	33	23
79	33	6
80	33	7
81	34	8
82	34	11
83	34	15
84	34	18
85	34	23
86	35	10
87	35	11
88	35	15
89	35	18
90	35	23
91	36	13
92	36	5
93	36	14
94	36	23
95	37	8
96	37	11
97	37	12
98	37	21
99	37	23
100	38	23
101	38	7
102	39	8
103	39	16
104	39	18
105	39	21
106	39	23
107	40	16
108	40	13
109	40	5
110	40	23
111	41	2
\.


--
-- Data for Name: objetos_itemcategory; Type: TABLE DATA; Schema: public; Owner: postgres
--

COPY public.objetos_itemcategory (id, name) FROM stdin;
12	HP5
16	Mana
18	MP5
1	Inicial
2	Reliquia
3	Consumible
5	Poder M├ígico
6	Poder F├¡sico
7	Velocidad de Ataque
8	Cooldown
9	Probabilidad de Ataque Cr├¡tico
10	Reducci├│n de Control de Masas
11	Salud
13	Robo de Vida M├ígico
14	Penetraci├│n M├ígica
15	Protecci├│n M├ígica
17	Velocidad de Movimiento
19	Robo de Vida F├¡sico
20	Penetraci├│n F├¡sica
21	Protecci├│n F├¡sica
23	Objeto Pasivo
24	Base
4	Fragmento
\.


--
-- Data for Name: randomizer_randomizerhistory; Type: TABLE DATA; Schema: public; Owner: postgres
--

COPY public.randomizer_randomizerhistory (id, created_at, build_id, god_id, user_id) FROM stdin;
1	2025-03-18 12:40:25.603947+01	5	12	1
2	2025-03-18 12:43:25.586153+01	6	7	1
3	2025-03-18 12:43:50.13924+01	7	10	1
4	2025-03-18 12:44:34.96497+01	8	11	1
5	2025-03-18 12:54:11.946124+01	9	9	1
6	2025-03-18 12:56:27.601395+01	10	13	1
7	2025-03-18 12:58:36.374491+01	11	4	1
8	2025-03-18 13:00:12.522507+01	12	9	1
9	2025-03-18 13:00:28.100106+01	13	4	1
10	2025-03-18 13:01:53.024604+01	14	7	1
11	2025-03-18 13:02:33.672252+01	15	11	1
12	2025-03-18 13:08:54.63398+01	\N	12	1
13	2025-03-18 13:09:26.685248+01	\N	5	1
14	2025-03-18 13:09:29.401416+01	\N	4	1
15	2025-03-18 13:10:35.024371+01	16	5	1
16	2025-03-19 14:05:37.391872+01	17	10	1
17	2025-03-19 14:05:58.161501+01	18	12	1
18	2025-03-19 14:06:00.230093+01	19	1	1
19	2025-03-19 14:06:02.334128+01	20	8	1
20	2025-03-19 14:11:22.832112+01	21	8	1
21	2025-03-19 15:49:40.562585+01	23	1	1
22	2025-03-19 19:54:41.973548+01	24	9	1
23	2025-03-20 13:41:20.173061+01	26	12	1
24	2025-03-26 13:15:51.250684+01	27	13	1
25	2025-04-04 20:19:26.018061+02	\N	13	1
26	2025-04-07 18:00:08.411182+02	32	5	1
27	2025-04-07 18:04:02.360008+02	33	5	1
28	2025-04-08 18:50:42.483765+02	34	3	1
\.


--
-- Data for Name: stats_godstat; Type: TABLE DATA; Schema: public; Owner: postgres
--

COPY public.stats_godstat (id, usage_count, win_rate, last_updated, god_id) FROM stdin;
\.


--
-- Data for Name: stats_itemstat; Type: TABLE DATA; Schema: public; Owner: postgres
--

COPY public.stats_itemstat (id, usage_count, usage_type, win_rate, last_updated, item_id) FROM stdin;
\.


--
-- Data for Name: tierlist_tier; Type: TABLE DATA; Schema: public; Owner: postgres
--

COPY public.tierlist_tier (id, tier, god_id, tierlist_id, notes) FROM stdin;
14	S	1	15	
15	S	6	15	
16	A	7	15	
17	S	12	15	
18	A	11	15	
19	B	9	15	
20	A	8	15	
21	C	10	15	
22	F	4	15	
23	B	3	15	
24	D	13	15	
25	C	5	15	
36	S	3	17	
37	B	6	17	
38	A	7	17	
39	S	9	17	
40	S	11	17	
41	A	12	17	
42	D	13	17	
43	S	4	17	
44	F	10	17	
\.


--
-- Data for Name: tierlist_tierlist; Type: TABLE DATA; Schema: public; Owner: postgres
--

COPY public.tierlist_tierlist (id, name, created_at, user_id, description, is_public, updated_at) FROM stdin;
15	Mejores Dioses	2025-03-12 19:33:34.058976+01	1	LOS MEJORES	f	2025-03-12 19:33:34.059991+01
17	Mejores Dioses	2025-03-19 15:48:21.297264+01	1	dads	t	2025-04-07 17:31:20.758429+02
\.


--
-- Data for Name: tierlist_tierlistcomment; Type: TABLE DATA; Schema: public; Owner: postgres
--

COPY public.tierlist_tierlistcomment (id, text, created_at, tierlist_id, user_id) FROM stdin;
\.


--
-- Name: accounts_account_id_seq; Type: SEQUENCE SET; Schema: public; Owner: postgres
--

SELECT pg_catalog.setval('public.accounts_account_id_seq', 5, true);


--
-- Name: auth_group_id_seq; Type: SEQUENCE SET; Schema: public; Owner: postgres
--

SELECT pg_catalog.setval('public.auth_group_id_seq', 1, false);


--
-- Name: auth_group_permissions_id_seq; Type: SEQUENCE SET; Schema: public; Owner: postgres
--

SELECT pg_catalog.setval('public.auth_group_permissions_id_seq', 1, false);


--
-- Name: auth_permission_id_seq; Type: SEQUENCE SET; Schema: public; Owner: postgres
--

SELECT pg_catalog.setval('public.auth_permission_id_seq', 144, true);


--
-- Name: auth_user_groups_id_seq; Type: SEQUENCE SET; Schema: public; Owner: postgres
--

SELECT pg_catalog.setval('public.auth_user_groups_id_seq', 1, false);


--
-- Name: auth_user_id_seq; Type: SEQUENCE SET; Schema: public; Owner: postgres
--

SELECT pg_catalog.setval('public.auth_user_id_seq', 6, true);


--
-- Name: auth_user_user_permissions_id_seq; Type: SEQUENCE SET; Schema: public; Owner: postgres
--

SELECT pg_catalog.setval('public.auth_user_user_permissions_id_seq', 1, false);


--
-- Name: builds_build_id_seq; Type: SEQUENCE SET; Schema: public; Owner: postgres
--

SELECT pg_catalog.setval('public.builds_build_id_seq', 34, true);


--
-- Name: builds_build_passive_items_id_seq; Type: SEQUENCE SET; Schema: public; Owner: postgres
--

SELECT pg_catalog.setval('public.builds_build_passive_items_id_seq', 171, true);


--
-- Name: builds_build_relics_id_seq; Type: SEQUENCE SET; Schema: public; Owner: postgres
--

SELECT pg_catalog.setval('public.builds_build_relics_id_seq', 66, true);


--
-- Name: builds_buildrating_id_seq; Type: SEQUENCE SET; Schema: public; Owner: postgres
--

SELECT pg_catalog.setval('public.builds_buildrating_id_seq', 5, true);


--
-- Name: chat_chatroom_id_seq; Type: SEQUENCE SET; Schema: public; Owner: postgres
--

SELECT pg_catalog.setval('public.chat_chatroom_id_seq', 13, true);


--
-- Name: chat_chatroom_participants_id_seq; Type: SEQUENCE SET; Schema: public; Owner: postgres
--

SELECT pg_catalog.setval('public.chat_chatroom_participants_id_seq', 27, true);


--
-- Name: chat_message_id_seq; Type: SEQUENCE SET; Schema: public; Owner: postgres
--

SELECT pg_catalog.setval('public.chat_message_id_seq', 13, true);


--
-- Name: dioses_ability_id_seq; Type: SEQUENCE SET; Schema: public; Owner: postgres
--

SELECT pg_catalog.setval('public.dioses_ability_id_seq', 82, true);


--
-- Name: dioses_god_abilities_id_seq; Type: SEQUENCE SET; Schema: public; Owner: postgres
--

SELECT pg_catalog.setval('public.dioses_god_abilities_id_seq', 64, true);


--
-- Name: dioses_god_id_seq; Type: SEQUENCE SET; Schema: public; Owner: postgres
--

SELECT pg_catalog.setval('public.dioses_god_id_seq', 13, true);


--
-- Name: django_admin_log_id_seq; Type: SEQUENCE SET; Schema: public; Owner: postgres
--

SELECT pg_catalog.setval('public.django_admin_log_id_seq', 326, true);


--
-- Name: django_content_type_id_seq; Type: SEQUENCE SET; Schema: public; Owner: postgres
--

SELECT pg_catalog.setval('public.django_content_type_id_seq', 36, true);


--
-- Name: django_migrations_id_seq; Type: SEQUENCE SET; Schema: public; Owner: postgres
--

SELECT pg_catalog.setval('public.django_migrations_id_seq', 49, true);


--
-- Name: forum_category_id_seq; Type: SEQUENCE SET; Schema: public; Owner: postgres
--

SELECT pg_catalog.setval('public.forum_category_id_seq', 1, false);


--
-- Name: forum_comment_id_seq; Type: SEQUENCE SET; Schema: public; Owner: postgres
--

SELECT pg_catalog.setval('public.forum_comment_id_seq', 7, true);


--
-- Name: forum_post_id_seq; Type: SEQUENCE SET; Schema: public; Owner: postgres
--

SELECT pg_catalog.setval('public.forum_post_id_seq', 3, true);


--
-- Name: gamemodes_gamemode_id_seq; Type: SEQUENCE SET; Schema: public; Owner: postgres
--

SELECT pg_catalog.setval('public.gamemodes_gamemode_id_seq', 2, true);


--
-- Name: gamemodes_gamemode_jungle_camps_id_seq; Type: SEQUENCE SET; Schema: public; Owner: postgres
--

SELECT pg_catalog.setval('public.gamemodes_gamemode_jungle_camps_id_seq', 1, true);


--
-- Name: gamemodes_junglecamp_id_seq; Type: SEQUENCE SET; Schema: public; Owner: postgres
--

SELECT pg_catalog.setval('public.gamemodes_junglecamp_id_seq', 1, true);


--
-- Name: news_abilitybalance_id_seq; Type: SEQUENCE SET; Schema: public; Owner: postgres
--

SELECT pg_catalog.setval('public.news_abilitybalance_id_seq', 2, true);


--
-- Name: news_event_id_seq; Type: SEQUENCE SET; Schema: public; Owner: postgres
--

SELECT pg_catalog.setval('public.news_event_id_seq', 1, false);


--
-- Name: news_godbalance_id_seq; Type: SEQUENCE SET; Schema: public; Owner: postgres
--

SELECT pg_catalog.setval('public.news_godbalance_id_seq', 1, true);


--
-- Name: news_itembalance_id_seq; Type: SEQUENCE SET; Schema: public; Owner: postgres
--

SELECT pg_catalog.setval('public.news_itembalance_id_seq', 1, true);


--
-- Name: news_patchnotes_id_seq; Type: SEQUENCE SET; Schema: public; Owner: postgres
--

SELECT pg_catalog.setval('public.news_patchnotes_id_seq', 1, true);


--
-- Name: objetos_item_categories_id_seq; Type: SEQUENCE SET; Schema: public; Owner: postgres
--

SELECT pg_catalog.setval('public.objetos_item_categories_id_seq', 111, true);


--
-- Name: objetos_item_id_seq; Type: SEQUENCE SET; Schema: public; Owner: postgres
--

SELECT pg_catalog.setval('public.objetos_item_id_seq', 41, true);


--
-- Name: objetos_itemcategory_id_seq; Type: SEQUENCE SET; Schema: public; Owner: postgres
--

SELECT pg_catalog.setval('public.objetos_itemcategory_id_seq', 24, true);


--
-- Name: randomizer_randomizerhistory_id_seq; Type: SEQUENCE SET; Schema: public; Owner: postgres
--

SELECT pg_catalog.setval('public.randomizer_randomizerhistory_id_seq', 28, true);


--
-- Name: stats_godstat_id_seq; Type: SEQUENCE SET; Schema: public; Owner: postgres
--

SELECT pg_catalog.setval('public.stats_godstat_id_seq', 1, false);


--
-- Name: stats_itemstat_id_seq; Type: SEQUENCE SET; Schema: public; Owner: postgres
--

SELECT pg_catalog.setval('public.stats_itemstat_id_seq', 1, false);


--
-- Name: tierlist_tier_id_seq; Type: SEQUENCE SET; Schema: public; Owner: postgres
--

SELECT pg_catalog.setval('public.tierlist_tier_id_seq', 44, true);


--
-- Name: tierlist_tierlist_id_seq; Type: SEQUENCE SET; Schema: public; Owner: postgres
--

SELECT pg_catalog.setval('public.tierlist_tierlist_id_seq', 17, true);


--
-- Name: tierlist_tierlistcomment_id_seq; Type: SEQUENCE SET; Schema: public; Owner: postgres
--

SELECT pg_catalog.setval('public.tierlist_tierlistcomment_id_seq', 1, false);


--
-- Name: accounts_account accounts_account_pkey; Type: CONSTRAINT; Schema: public; Owner: postgres
--

ALTER TABLE ONLY public.accounts_account
    ADD CONSTRAINT accounts_account_pkey PRIMARY KEY (id);


--
-- Name: accounts_account accounts_account_user_id_key; Type: CONSTRAINT; Schema: public; Owner: postgres
--

ALTER TABLE ONLY public.accounts_account
    ADD CONSTRAINT accounts_account_user_id_key UNIQUE (user_id);


--
-- Name: auth_group auth_group_name_key; Type: CONSTRAINT; Schema: public; Owner: postgres
--

ALTER TABLE ONLY public.auth_group
    ADD CONSTRAINT auth_group_name_key UNIQUE (name);


--
-- Name: auth_group_permissions auth_group_permissions_group_id_permission_id_0cd325b0_uniq; Type: CONSTRAINT; Schema: public; Owner: postgres
--

ALTER TABLE ONLY public.auth_group_permissions
    ADD CONSTRAINT auth_group_permissions_group_id_permission_id_0cd325b0_uniq UNIQUE (group_id, permission_id);


--
-- Name: auth_group_permissions auth_group_permissions_pkey; Type: CONSTRAINT; Schema: public; Owner: postgres
--

ALTER TABLE ONLY public.auth_group_permissions
    ADD CONSTRAINT auth_group_permissions_pkey PRIMARY KEY (id);


--
-- Name: auth_group auth_group_pkey; Type: CONSTRAINT; Schema: public; Owner: postgres
--

ALTER TABLE ONLY public.auth_group
    ADD CONSTRAINT auth_group_pkey PRIMARY KEY (id);


--
-- Name: auth_permission auth_permission_content_type_id_codename_01ab375a_uniq; Type: CONSTRAINT; Schema: public; Owner: postgres
--

ALTER TABLE ONLY public.auth_permission
    ADD CONSTRAINT auth_permission_content_type_id_codename_01ab375a_uniq UNIQUE (content_type_id, codename);


--
-- Name: auth_permission auth_permission_pkey; Type: CONSTRAINT; Schema: public; Owner: postgres
--

ALTER TABLE ONLY public.auth_permission
    ADD CONSTRAINT auth_permission_pkey PRIMARY KEY (id);


--
-- Name: auth_user_groups auth_user_groups_pkey; Type: CONSTRAINT; Schema: public; Owner: postgres
--

ALTER TABLE ONLY public.auth_user_groups
    ADD CONSTRAINT auth_user_groups_pkey PRIMARY KEY (id);


--
-- Name: auth_user_groups auth_user_groups_user_id_group_id_94350c0c_uniq; Type: CONSTRAINT; Schema: public; Owner: postgres
--

ALTER TABLE ONLY public.auth_user_groups
    ADD CONSTRAINT auth_user_groups_user_id_group_id_94350c0c_uniq UNIQUE (user_id, group_id);


--
-- Name: auth_user auth_user_pkey; Type: CONSTRAINT; Schema: public; Owner: postgres
--

ALTER TABLE ONLY public.auth_user
    ADD CONSTRAINT auth_user_pkey PRIMARY KEY (id);


--
-- Name: auth_user_user_permissions auth_user_user_permissions_pkey; Type: CONSTRAINT; Schema: public; Owner: postgres
--

ALTER TABLE ONLY public.auth_user_user_permissions
    ADD CONSTRAINT auth_user_user_permissions_pkey PRIMARY KEY (id);


--
-- Name: auth_user_user_permissions auth_user_user_permissions_user_id_permission_id_14a6b632_uniq; Type: CONSTRAINT; Schema: public; Owner: postgres
--

ALTER TABLE ONLY public.auth_user_user_permissions
    ADD CONSTRAINT auth_user_user_permissions_user_id_permission_id_14a6b632_uniq UNIQUE (user_id, permission_id);


--
-- Name: auth_user auth_user_username_key; Type: CONSTRAINT; Schema: public; Owner: postgres
--

ALTER TABLE ONLY public.auth_user
    ADD CONSTRAINT auth_user_username_key UNIQUE (username);


--
-- Name: builds_build_passive_items builds_build_passive_items_build_id_item_id_0f7fbc74_uniq; Type: CONSTRAINT; Schema: public; Owner: postgres
--

ALTER TABLE ONLY public.builds_build_passive_items
    ADD CONSTRAINT builds_build_passive_items_build_id_item_id_0f7fbc74_uniq UNIQUE (build_id, item_id);


--
-- Name: builds_build_passive_items builds_build_passive_items_pkey; Type: CONSTRAINT; Schema: public; Owner: postgres
--

ALTER TABLE ONLY public.builds_build_passive_items
    ADD CONSTRAINT builds_build_passive_items_pkey PRIMARY KEY (id);


--
-- Name: builds_build builds_build_pkey; Type: CONSTRAINT; Schema: public; Owner: postgres
--

ALTER TABLE ONLY public.builds_build
    ADD CONSTRAINT builds_build_pkey PRIMARY KEY (id);


--
-- Name: builds_build_relics builds_build_relics_build_id_item_id_ab1fbcf6_uniq; Type: CONSTRAINT; Schema: public; Owner: postgres
--

ALTER TABLE ONLY public.builds_build_relics
    ADD CONSTRAINT builds_build_relics_build_id_item_id_ab1fbcf6_uniq UNIQUE (build_id, item_id);


--
-- Name: builds_build_relics builds_build_relics_pkey; Type: CONSTRAINT; Schema: public; Owner: postgres
--

ALTER TABLE ONLY public.builds_build_relics
    ADD CONSTRAINT builds_build_relics_pkey PRIMARY KEY (id);


--
-- Name: builds_buildrating builds_buildrating_build_id_user_id_18af639d_uniq; Type: CONSTRAINT; Schema: public; Owner: postgres
--

ALTER TABLE ONLY public.builds_buildrating
    ADD CONSTRAINT builds_buildrating_build_id_user_id_18af639d_uniq UNIQUE (build_id, user_id);


--
-- Name: builds_buildrating builds_buildrating_pkey; Type: CONSTRAINT; Schema: public; Owner: postgres
--

ALTER TABLE ONLY public.builds_buildrating
    ADD CONSTRAINT builds_buildrating_pkey PRIMARY KEY (id);


--
-- Name: chat_chatroom_participants chat_chatroom_participants_chatroom_id_user_id_a0328aed_uniq; Type: CONSTRAINT; Schema: public; Owner: postgres
--

ALTER TABLE ONLY public.chat_chatroom_participants
    ADD CONSTRAINT chat_chatroom_participants_chatroom_id_user_id_a0328aed_uniq UNIQUE (chatroom_id, user_id);


--
-- Name: chat_chatroom_participants chat_chatroom_participants_pkey; Type: CONSTRAINT; Schema: public; Owner: postgres
--

ALTER TABLE ONLY public.chat_chatroom_participants
    ADD CONSTRAINT chat_chatroom_participants_pkey PRIMARY KEY (id);


--
-- Name: chat_chatroom chat_chatroom_pkey; Type: CONSTRAINT; Schema: public; Owner: postgres
--

ALTER TABLE ONLY public.chat_chatroom
    ADD CONSTRAINT chat_chatroom_pkey PRIMARY KEY (id);


--
-- Name: chat_message chat_message_pkey; Type: CONSTRAINT; Schema: public; Owner: postgres
--

ALTER TABLE ONLY public.chat_message
    ADD CONSTRAINT chat_message_pkey PRIMARY KEY (id);


--
-- Name: dioses_ability dioses_ability_pkey; Type: CONSTRAINT; Schema: public; Owner: postgres
--

ALTER TABLE ONLY public.dioses_ability
    ADD CONSTRAINT dioses_ability_pkey PRIMARY KEY (id);


--
-- Name: dioses_god_abilities dioses_god_abilities_god_id_ability_id_386df330_uniq; Type: CONSTRAINT; Schema: public; Owner: postgres
--

ALTER TABLE ONLY public.dioses_god_abilities
    ADD CONSTRAINT dioses_god_abilities_god_id_ability_id_386df330_uniq UNIQUE (god_id, ability_id);


--
-- Name: dioses_god_abilities dioses_god_abilities_pkey; Type: CONSTRAINT; Schema: public; Owner: postgres
--

ALTER TABLE ONLY public.dioses_god_abilities
    ADD CONSTRAINT dioses_god_abilities_pkey PRIMARY KEY (id);


--
-- Name: dioses_god dioses_god_name_key; Type: CONSTRAINT; Schema: public; Owner: postgres
--

ALTER TABLE ONLY public.dioses_god
    ADD CONSTRAINT dioses_god_name_key UNIQUE (name);


--
-- Name: dioses_god dioses_god_pkey; Type: CONSTRAINT; Schema: public; Owner: postgres
--

ALTER TABLE ONLY public.dioses_god
    ADD CONSTRAINT dioses_god_pkey PRIMARY KEY (id);


--
-- Name: django_admin_log django_admin_log_pkey; Type: CONSTRAINT; Schema: public; Owner: postgres
--

ALTER TABLE ONLY public.django_admin_log
    ADD CONSTRAINT django_admin_log_pkey PRIMARY KEY (id);


--
-- Name: django_content_type django_content_type_app_label_model_76bd3d3b_uniq; Type: CONSTRAINT; Schema: public; Owner: postgres
--

ALTER TABLE ONLY public.django_content_type
    ADD CONSTRAINT django_content_type_app_label_model_76bd3d3b_uniq UNIQUE (app_label, model);


--
-- Name: django_content_type django_content_type_pkey; Type: CONSTRAINT; Schema: public; Owner: postgres
--

ALTER TABLE ONLY public.django_content_type
    ADD CONSTRAINT django_content_type_pkey PRIMARY KEY (id);


--
-- Name: django_migrations django_migrations_pkey; Type: CONSTRAINT; Schema: public; Owner: postgres
--

ALTER TABLE ONLY public.django_migrations
    ADD CONSTRAINT django_migrations_pkey PRIMARY KEY (id);


--
-- Name: django_session django_session_pkey; Type: CONSTRAINT; Schema: public; Owner: postgres
--

ALTER TABLE ONLY public.django_session
    ADD CONSTRAINT django_session_pkey PRIMARY KEY (session_key);


--
-- Name: forum_category forum_category_name_key; Type: CONSTRAINT; Schema: public; Owner: postgres
--

ALTER TABLE ONLY public.forum_category
    ADD CONSTRAINT forum_category_name_key UNIQUE (name);


--
-- Name: forum_category forum_category_pkey; Type: CONSTRAINT; Schema: public; Owner: postgres
--

ALTER TABLE ONLY public.forum_category
    ADD CONSTRAINT forum_category_pkey PRIMARY KEY (id);


--
-- Name: forum_category forum_category_slug_key; Type: CONSTRAINT; Schema: public; Owner: postgres
--

ALTER TABLE ONLY public.forum_category
    ADD CONSTRAINT forum_category_slug_key UNIQUE (slug);


--
-- Name: forum_comment forum_comment_pkey; Type: CONSTRAINT; Schema: public; Owner: postgres
--

ALTER TABLE ONLY public.forum_comment
    ADD CONSTRAINT forum_comment_pkey PRIMARY KEY (id);


--
-- Name: forum_post forum_post_pkey; Type: CONSTRAINT; Schema: public; Owner: postgres
--

ALTER TABLE ONLY public.forum_post
    ADD CONSTRAINT forum_post_pkey PRIMARY KEY (id);


--
-- Name: gamemodes_gamemode_jungle_camps gamemodes_gamemode_jungl_gamemode_id_junglecamp_i_b40989b4_uniq; Type: CONSTRAINT; Schema: public; Owner: postgres
--

ALTER TABLE ONLY public.gamemodes_gamemode_jungle_camps
    ADD CONSTRAINT gamemodes_gamemode_jungl_gamemode_id_junglecamp_i_b40989b4_uniq UNIQUE (gamemode_id, junglecamp_id);


--
-- Name: gamemodes_gamemode_jungle_camps gamemodes_gamemode_jungle_camps_pkey; Type: CONSTRAINT; Schema: public; Owner: postgres
--

ALTER TABLE ONLY public.gamemodes_gamemode_jungle_camps
    ADD CONSTRAINT gamemodes_gamemode_jungle_camps_pkey PRIMARY KEY (id);


--
-- Name: gamemodes_gamemode gamemodes_gamemode_name_key; Type: CONSTRAINT; Schema: public; Owner: postgres
--

ALTER TABLE ONLY public.gamemodes_gamemode
    ADD CONSTRAINT gamemodes_gamemode_name_key UNIQUE (name);


--
-- Name: gamemodes_gamemode gamemodes_gamemode_pkey; Type: CONSTRAINT; Schema: public; Owner: postgres
--

ALTER TABLE ONLY public.gamemodes_gamemode
    ADD CONSTRAINT gamemodes_gamemode_pkey PRIMARY KEY (id);


--
-- Name: gamemodes_junglecamp gamemodes_junglecamp_pkey; Type: CONSTRAINT; Schema: public; Owner: postgres
--

ALTER TABLE ONLY public.gamemodes_junglecamp
    ADD CONSTRAINT gamemodes_junglecamp_pkey PRIMARY KEY (id);


--
-- Name: news_abilitybalance news_abilitybalance_pkey; Type: CONSTRAINT; Schema: public; Owner: postgres
--

ALTER TABLE ONLY public.news_abilitybalance
    ADD CONSTRAINT news_abilitybalance_pkey PRIMARY KEY (id);


--
-- Name: news_event news_event_pkey; Type: CONSTRAINT; Schema: public; Owner: postgres
--

ALTER TABLE ONLY public.news_event
    ADD CONSTRAINT news_event_pkey PRIMARY KEY (id);


--
-- Name: news_godbalance news_godbalance_pkey; Type: CONSTRAINT; Schema: public; Owner: postgres
--

ALTER TABLE ONLY public.news_godbalance
    ADD CONSTRAINT news_godbalance_pkey PRIMARY KEY (id);


--
-- Name: news_itembalance news_itembalance_pkey; Type: CONSTRAINT; Schema: public; Owner: postgres
--

ALTER TABLE ONLY public.news_itembalance
    ADD CONSTRAINT news_itembalance_pkey PRIMARY KEY (id);


--
-- Name: news_patchnotes news_patchnotes_pkey; Type: CONSTRAINT; Schema: public; Owner: postgres
--

ALTER TABLE ONLY public.news_patchnotes
    ADD CONSTRAINT news_patchnotes_pkey PRIMARY KEY (id);


--
-- Name: objetos_item_categories objetos_item_categories_item_id_itemcategory_id_e2f7cd55_uniq; Type: CONSTRAINT; Schema: public; Owner: postgres
--

ALTER TABLE ONLY public.objetos_item_categories
    ADD CONSTRAINT objetos_item_categories_item_id_itemcategory_id_e2f7cd55_uniq UNIQUE (item_id, itemcategory_id);


--
-- Name: objetos_item_categories objetos_item_categories_pkey; Type: CONSTRAINT; Schema: public; Owner: postgres
--

ALTER TABLE ONLY public.objetos_item_categories
    ADD CONSTRAINT objetos_item_categories_pkey PRIMARY KEY (id);


--
-- Name: objetos_item objetos_item_name_key; Type: CONSTRAINT; Schema: public; Owner: postgres
--

ALTER TABLE ONLY public.objetos_item
    ADD CONSTRAINT objetos_item_name_key UNIQUE (name);


--
-- Name: objetos_item objetos_item_pkey; Type: CONSTRAINT; Schema: public; Owner: postgres
--

ALTER TABLE ONLY public.objetos_item
    ADD CONSTRAINT objetos_item_pkey PRIMARY KEY (id);


--
-- Name: objetos_itemcategory objetos_itemcategory_name_key; Type: CONSTRAINT; Schema: public; Owner: postgres
--

ALTER TABLE ONLY public.objetos_itemcategory
    ADD CONSTRAINT objetos_itemcategory_name_key UNIQUE (name);


--
-- Name: objetos_itemcategory objetos_itemcategory_pkey; Type: CONSTRAINT; Schema: public; Owner: postgres
--

ALTER TABLE ONLY public.objetos_itemcategory
    ADD CONSTRAINT objetos_itemcategory_pkey PRIMARY KEY (id);


--
-- Name: randomizer_randomizerhistory randomizer_randomizerhistory_pkey; Type: CONSTRAINT; Schema: public; Owner: postgres
--

ALTER TABLE ONLY public.randomizer_randomizerhistory
    ADD CONSTRAINT randomizer_randomizerhistory_pkey PRIMARY KEY (id);


--
-- Name: stats_godstat stats_godstat_pkey; Type: CONSTRAINT; Schema: public; Owner: postgres
--

ALTER TABLE ONLY public.stats_godstat
    ADD CONSTRAINT stats_godstat_pkey PRIMARY KEY (id);


--
-- Name: stats_itemstat stats_itemstat_item_id_usage_type_fec7e712_uniq; Type: CONSTRAINT; Schema: public; Owner: postgres
--

ALTER TABLE ONLY public.stats_itemstat
    ADD CONSTRAINT stats_itemstat_item_id_usage_type_fec7e712_uniq UNIQUE (item_id, usage_type);


--
-- Name: stats_itemstat stats_itemstat_pkey; Type: CONSTRAINT; Schema: public; Owner: postgres
--

ALTER TABLE ONLY public.stats_itemstat
    ADD CONSTRAINT stats_itemstat_pkey PRIMARY KEY (id);


--
-- Name: tierlist_tier tierlist_tier_pkey; Type: CONSTRAINT; Schema: public; Owner: postgres
--

ALTER TABLE ONLY public.tierlist_tier
    ADD CONSTRAINT tierlist_tier_pkey PRIMARY KEY (id);


--
-- Name: tierlist_tier tierlist_tier_tierlist_id_god_id_d556b28f_uniq; Type: CONSTRAINT; Schema: public; Owner: postgres
--

ALTER TABLE ONLY public.tierlist_tier
    ADD CONSTRAINT tierlist_tier_tierlist_id_god_id_d556b28f_uniq UNIQUE (tierlist_id, god_id);


--
-- Name: tierlist_tierlist tierlist_tierlist_pkey; Type: CONSTRAINT; Schema: public; Owner: postgres
--

ALTER TABLE ONLY public.tierlist_tierlist
    ADD CONSTRAINT tierlist_tierlist_pkey PRIMARY KEY (id);


--
-- Name: tierlist_tierlistcomment tierlist_tierlistcomment_pkey; Type: CONSTRAINT; Schema: public; Owner: postgres
--

ALTER TABLE ONLY public.tierlist_tierlistcomment
    ADD CONSTRAINT tierlist_tierlistcomment_pkey PRIMARY KEY (id);


--
-- Name: auth_group_name_a6ea08ec_like; Type: INDEX; Schema: public; Owner: postgres
--

CREATE INDEX auth_group_name_a6ea08ec_like ON public.auth_group USING btree (name varchar_pattern_ops);


--
-- Name: auth_group_permissions_group_id_b120cbf9; Type: INDEX; Schema: public; Owner: postgres
--

CREATE INDEX auth_group_permissions_group_id_b120cbf9 ON public.auth_group_permissions USING btree (group_id);


--
-- Name: auth_group_permissions_permission_id_84c5c92e; Type: INDEX; Schema: public; Owner: postgres
--

CREATE INDEX auth_group_permissions_permission_id_84c5c92e ON public.auth_group_permissions USING btree (permission_id);


--
-- Name: auth_permission_content_type_id_2f476e4b; Type: INDEX; Schema: public; Owner: postgres
--

CREATE INDEX auth_permission_content_type_id_2f476e4b ON public.auth_permission USING btree (content_type_id);


--
-- Name: auth_user_groups_group_id_97559544; Type: INDEX; Schema: public; Owner: postgres
--

CREATE INDEX auth_user_groups_group_id_97559544 ON public.auth_user_groups USING btree (group_id);


--
-- Name: auth_user_groups_user_id_6a12ed8b; Type: INDEX; Schema: public; Owner: postgres
--

CREATE INDEX auth_user_groups_user_id_6a12ed8b ON public.auth_user_groups USING btree (user_id);


--
-- Name: auth_user_user_permissions_permission_id_1fbb5f2c; Type: INDEX; Schema: public; Owner: postgres
--

CREATE INDEX auth_user_user_permissions_permission_id_1fbb5f2c ON public.auth_user_user_permissions USING btree (permission_id);


--
-- Name: auth_user_user_permissions_user_id_a95ead1b; Type: INDEX; Schema: public; Owner: postgres
--

CREATE INDEX auth_user_user_permissions_user_id_a95ead1b ON public.auth_user_user_permissions USING btree (user_id);


--
-- Name: auth_user_username_6821ab7c_like; Type: INDEX; Schema: public; Owner: postgres
--

CREATE INDEX auth_user_username_6821ab7c_like ON public.auth_user USING btree (username varchar_pattern_ops);


--
-- Name: builds_build_god_id_4bc4b50d; Type: INDEX; Schema: public; Owner: postgres
--

CREATE INDEX builds_build_god_id_4bc4b50d ON public.builds_build USING btree (god_id);


--
-- Name: builds_build_passive_items_build_id_19a2eb6b; Type: INDEX; Schema: public; Owner: postgres
--

CREATE INDEX builds_build_passive_items_build_id_19a2eb6b ON public.builds_build_passive_items USING btree (build_id);


--
-- Name: builds_build_passive_items_item_id_ec320174; Type: INDEX; Schema: public; Owner: postgres
--

CREATE INDEX builds_build_passive_items_item_id_ec320174 ON public.builds_build_passive_items USING btree (item_id);


--
-- Name: builds_build_relics_build_id_13b0c10c; Type: INDEX; Schema: public; Owner: postgres
--

CREATE INDEX builds_build_relics_build_id_13b0c10c ON public.builds_build_relics USING btree (build_id);


--
-- Name: builds_build_relics_item_id_66afddcb; Type: INDEX; Schema: public; Owner: postgres
--

CREATE INDEX builds_build_relics_item_id_66afddcb ON public.builds_build_relics USING btree (item_id);


--
-- Name: builds_build_starter_item_id_a9ec48f5; Type: INDEX; Schema: public; Owner: postgres
--

CREATE INDEX builds_build_starter_item_id_a9ec48f5 ON public.builds_build USING btree (starter_item_id);


--
-- Name: builds_build_user_id_a3504172; Type: INDEX; Schema: public; Owner: postgres
--

CREATE INDEX builds_build_user_id_a3504172 ON public.builds_build USING btree (user_id);


--
-- Name: builds_buildrating_build_id_226c82e8; Type: INDEX; Schema: public; Owner: postgres
--

CREATE INDEX builds_buildrating_build_id_226c82e8 ON public.builds_buildrating USING btree (build_id);


--
-- Name: builds_buildrating_user_id_232d999e; Type: INDEX; Schema: public; Owner: postgres
--

CREATE INDEX builds_buildrating_user_id_232d999e ON public.builds_buildrating USING btree (user_id);


--
-- Name: chat_chatroom_participants_chatroom_id_9c40ed95; Type: INDEX; Schema: public; Owner: postgres
--

CREATE INDEX chat_chatroom_participants_chatroom_id_9c40ed95 ON public.chat_chatroom_participants USING btree (chatroom_id);


--
-- Name: chat_chatroom_participants_user_id_9f2b6693; Type: INDEX; Schema: public; Owner: postgres
--

CREATE INDEX chat_chatroom_participants_user_id_9f2b6693 ON public.chat_chatroom_participants USING btree (user_id);


--
-- Name: chat_message_chat_room_id_bee2301e; Type: INDEX; Schema: public; Owner: postgres
--

CREATE INDEX chat_message_chat_room_id_bee2301e ON public.chat_message USING btree (chat_room_id);


--
-- Name: chat_message_sender_id_991c686c; Type: INDEX; Schema: public; Owner: postgres
--

CREATE INDEX chat_message_sender_id_991c686c ON public.chat_message USING btree (sender_id);


--
-- Name: dioses_god_abilities_ability_id_ef47db4c; Type: INDEX; Schema: public; Owner: postgres
--

CREATE INDEX dioses_god_abilities_ability_id_ef47db4c ON public.dioses_god_abilities USING btree (ability_id);


--
-- Name: dioses_god_abilities_god_id_23263778; Type: INDEX; Schema: public; Owner: postgres
--

CREATE INDEX dioses_god_abilities_god_id_23263778 ON public.dioses_god_abilities USING btree (god_id);


--
-- Name: dioses_god_name_656cb0a8_like; Type: INDEX; Schema: public; Owner: postgres
--

CREATE INDEX dioses_god_name_656cb0a8_like ON public.dioses_god USING btree (name varchar_pattern_ops);


--
-- Name: django_admin_log_content_type_id_c4bce8eb; Type: INDEX; Schema: public; Owner: postgres
--

CREATE INDEX django_admin_log_content_type_id_c4bce8eb ON public.django_admin_log USING btree (content_type_id);


--
-- Name: django_admin_log_user_id_c564eba6; Type: INDEX; Schema: public; Owner: postgres
--

CREATE INDEX django_admin_log_user_id_c564eba6 ON public.django_admin_log USING btree (user_id);


--
-- Name: django_session_expire_date_a5c62663; Type: INDEX; Schema: public; Owner: postgres
--

CREATE INDEX django_session_expire_date_a5c62663 ON public.django_session USING btree (expire_date);


--
-- Name: django_session_session_key_c0390e0f_like; Type: INDEX; Schema: public; Owner: postgres
--

CREATE INDEX django_session_session_key_c0390e0f_like ON public.django_session USING btree (session_key varchar_pattern_ops);


--
-- Name: forum_category_name_9f308696_like; Type: INDEX; Schema: public; Owner: postgres
--

CREATE INDEX forum_category_name_9f308696_like ON public.forum_category USING btree (name varchar_pattern_ops);


--
-- Name: forum_category_slug_50ca1b25_like; Type: INDEX; Schema: public; Owner: postgres
--

CREATE INDEX forum_category_slug_50ca1b25_like ON public.forum_category USING btree (slug varchar_pattern_ops);


--
-- Name: forum_comment_author_id_9e60eecd; Type: INDEX; Schema: public; Owner: postgres
--

CREATE INDEX forum_comment_author_id_9e60eecd ON public.forum_comment USING btree (author_id);


--
-- Name: forum_comment_post_id_eb329692; Type: INDEX; Schema: public; Owner: postgres
--

CREATE INDEX forum_comment_post_id_eb329692 ON public.forum_comment USING btree (post_id);


--
-- Name: forum_post_author_id_609b7963; Type: INDEX; Schema: public; Owner: postgres
--

CREATE INDEX forum_post_author_id_609b7963 ON public.forum_post USING btree (author_id);


--
-- Name: forum_post_category_id_202e3ede; Type: INDEX; Schema: public; Owner: postgres
--

CREATE INDEX forum_post_category_id_202e3ede ON public.forum_post USING btree (category_id);


--
-- Name: gamemodes_gamemode_jungle_camps_gamemode_id_7c9e6a9e; Type: INDEX; Schema: public; Owner: postgres
--

CREATE INDEX gamemodes_gamemode_jungle_camps_gamemode_id_7c9e6a9e ON public.gamemodes_gamemode_jungle_camps USING btree (gamemode_id);


--
-- Name: gamemodes_gamemode_jungle_camps_junglecamp_id_3477d77c; Type: INDEX; Schema: public; Owner: postgres
--

CREATE INDEX gamemodes_gamemode_jungle_camps_junglecamp_id_3477d77c ON public.gamemodes_gamemode_jungle_camps USING btree (junglecamp_id);


--
-- Name: gamemodes_gamemode_name_49e69d6f_like; Type: INDEX; Schema: public; Owner: postgres
--

CREATE INDEX gamemodes_gamemode_name_49e69d6f_like ON public.gamemodes_gamemode USING btree (name varchar_pattern_ops);


--
-- Name: news_abilitybalance_ability_id_c6b4791e; Type: INDEX; Schema: public; Owner: postgres
--

CREATE INDEX news_abilitybalance_ability_id_c6b4791e ON public.news_abilitybalance USING btree (ability_id);


--
-- Name: news_abilitybalance_god_balance_id_8bfee844; Type: INDEX; Schema: public; Owner: postgres
--

CREATE INDEX news_abilitybalance_god_balance_id_8bfee844 ON public.news_abilitybalance USING btree (god_balance_id);


--
-- Name: news_godbalance_god_id_8e999619; Type: INDEX; Schema: public; Owner: postgres
--

CREATE INDEX news_godbalance_god_id_8e999619 ON public.news_godbalance USING btree (god_id);


--
-- Name: news_godbalance_patch_id_0991ed5e; Type: INDEX; Schema: public; Owner: postgres
--

CREATE INDEX news_godbalance_patch_id_0991ed5e ON public.news_godbalance USING btree (patch_id);


--
-- Name: news_itembalance_item_id_424fff09; Type: INDEX; Schema: public; Owner: postgres
--

CREATE INDEX news_itembalance_item_id_424fff09 ON public.news_itembalance USING btree (item_id);


--
-- Name: news_itembalance_patch_id_c8847ed5; Type: INDEX; Schema: public; Owner: postgres
--

CREATE INDEX news_itembalance_patch_id_c8847ed5 ON public.news_itembalance USING btree (patch_id);


--
-- Name: objetos_item_categories_item_id_22f7c98b; Type: INDEX; Schema: public; Owner: postgres
--

CREATE INDEX objetos_item_categories_item_id_22f7c98b ON public.objetos_item_categories USING btree (item_id);


--
-- Name: objetos_item_categories_itemcategory_id_eee66563; Type: INDEX; Schema: public; Owner: postgres
--

CREATE INDEX objetos_item_categories_itemcategory_id_eee66563 ON public.objetos_item_categories USING btree (itemcategory_id);


--
-- Name: objetos_item_from_item_id_79a3a028; Type: INDEX; Schema: public; Owner: postgres
--

CREATE INDEX objetos_item_from_item_id_79a3a028 ON public.objetos_item USING btree (from_item_id);


--
-- Name: objetos_item_name_1b44ed8c_like; Type: INDEX; Schema: public; Owner: postgres
--

CREATE INDEX objetos_item_name_1b44ed8c_like ON public.objetos_item USING btree (name varchar_pattern_ops);


--
-- Name: objetos_itemcategory_name_69fc0fb3_like; Type: INDEX; Schema: public; Owner: postgres
--

CREATE INDEX objetos_itemcategory_name_69fc0fb3_like ON public.objetos_itemcategory USING btree (name varchar_pattern_ops);


--
-- Name: randomizer_randomizerhistory_build_id_651b2011; Type: INDEX; Schema: public; Owner: postgres
--

CREATE INDEX randomizer_randomizerhistory_build_id_651b2011 ON public.randomizer_randomizerhistory USING btree (build_id);


--
-- Name: randomizer_randomizerhistory_god_id_66644bc8; Type: INDEX; Schema: public; Owner: postgres
--

CREATE INDEX randomizer_randomizerhistory_god_id_66644bc8 ON public.randomizer_randomizerhistory USING btree (god_id);


--
-- Name: randomizer_randomizerhistory_user_id_80dc2d8b; Type: INDEX; Schema: public; Owner: postgres
--

CREATE INDEX randomizer_randomizerhistory_user_id_80dc2d8b ON public.randomizer_randomizerhistory USING btree (user_id);


--
-- Name: stats_godstat_god_id_b612c0b1; Type: INDEX; Schema: public; Owner: postgres
--

CREATE INDEX stats_godstat_god_id_b612c0b1 ON public.stats_godstat USING btree (god_id);


--
-- Name: stats_itemstat_item_id_155f5ed2; Type: INDEX; Schema: public; Owner: postgres
--

CREATE INDEX stats_itemstat_item_id_155f5ed2 ON public.stats_itemstat USING btree (item_id);


--
-- Name: tierlist_tier_god_id_13a55bf6; Type: INDEX; Schema: public; Owner: postgres
--

CREATE INDEX tierlist_tier_god_id_13a55bf6 ON public.tierlist_tier USING btree (god_id);


--
-- Name: tierlist_tier_tierlist_id_1c425e87; Type: INDEX; Schema: public; Owner: postgres
--

CREATE INDEX tierlist_tier_tierlist_id_1c425e87 ON public.tierlist_tier USING btree (tierlist_id);


--
-- Name: tierlist_tierlist_user_id_cb15c1fb; Type: INDEX; Schema: public; Owner: postgres
--

CREATE INDEX tierlist_tierlist_user_id_cb15c1fb ON public.tierlist_tierlist USING btree (user_id);


--
-- Name: tierlist_tierlistcomment_tierlist_id_2a46b68e; Type: INDEX; Schema: public; Owner: postgres
--

CREATE INDEX tierlist_tierlistcomment_tierlist_id_2a46b68e ON public.tierlist_tierlistcomment USING btree (tierlist_id);


--
-- Name: tierlist_tierlistcomment_user_id_a2462ed4; Type: INDEX; Schema: public; Owner: postgres
--

CREATE INDEX tierlist_tierlistcomment_user_id_a2462ed4 ON public.tierlist_tierlistcomment USING btree (user_id);


--
-- Name: accounts_account accounts_account_user_id_d61b40c6_fk_auth_user_id; Type: FK CONSTRAINT; Schema: public; Owner: postgres
--

ALTER TABLE ONLY public.accounts_account
    ADD CONSTRAINT accounts_account_user_id_d61b40c6_fk_auth_user_id FOREIGN KEY (user_id) REFERENCES public.auth_user(id) DEFERRABLE INITIALLY DEFERRED;


--
-- Name: auth_group_permissions auth_group_permissio_permission_id_84c5c92e_fk_auth_perm; Type: FK CONSTRAINT; Schema: public; Owner: postgres
--

ALTER TABLE ONLY public.auth_group_permissions
    ADD CONSTRAINT auth_group_permissio_permission_id_84c5c92e_fk_auth_perm FOREIGN KEY (permission_id) REFERENCES public.auth_permission(id) DEFERRABLE INITIALLY DEFERRED;


--
-- Name: auth_group_permissions auth_group_permissions_group_id_b120cbf9_fk_auth_group_id; Type: FK CONSTRAINT; Schema: public; Owner: postgres
--

ALTER TABLE ONLY public.auth_group_permissions
    ADD CONSTRAINT auth_group_permissions_group_id_b120cbf9_fk_auth_group_id FOREIGN KEY (group_id) REFERENCES public.auth_group(id) DEFERRABLE INITIALLY DEFERRED;


--
-- Name: auth_permission auth_permission_content_type_id_2f476e4b_fk_django_co; Type: FK CONSTRAINT; Schema: public; Owner: postgres
--

ALTER TABLE ONLY public.auth_permission
    ADD CONSTRAINT auth_permission_content_type_id_2f476e4b_fk_django_co FOREIGN KEY (content_type_id) REFERENCES public.django_content_type(id) DEFERRABLE INITIALLY DEFERRED;


--
-- Name: auth_user_groups auth_user_groups_group_id_97559544_fk_auth_group_id; Type: FK CONSTRAINT; Schema: public; Owner: postgres
--

ALTER TABLE ONLY public.auth_user_groups
    ADD CONSTRAINT auth_user_groups_group_id_97559544_fk_auth_group_id FOREIGN KEY (group_id) REFERENCES public.auth_group(id) DEFERRABLE INITIALLY DEFERRED;


--
-- Name: auth_user_groups auth_user_groups_user_id_6a12ed8b_fk_auth_user_id; Type: FK CONSTRAINT; Schema: public; Owner: postgres
--

ALTER TABLE ONLY public.auth_user_groups
    ADD CONSTRAINT auth_user_groups_user_id_6a12ed8b_fk_auth_user_id FOREIGN KEY (user_id) REFERENCES public.auth_user(id) DEFERRABLE INITIALLY DEFERRED;


--
-- Name: auth_user_user_permissions auth_user_user_permi_permission_id_1fbb5f2c_fk_auth_perm; Type: FK CONSTRAINT; Schema: public; Owner: postgres
--

ALTER TABLE ONLY public.auth_user_user_permissions
    ADD CONSTRAINT auth_user_user_permi_permission_id_1fbb5f2c_fk_auth_perm FOREIGN KEY (permission_id) REFERENCES public.auth_permission(id) DEFERRABLE INITIALLY DEFERRED;


--
-- Name: auth_user_user_permissions auth_user_user_permissions_user_id_a95ead1b_fk_auth_user_id; Type: FK CONSTRAINT; Schema: public; Owner: postgres
--

ALTER TABLE ONLY public.auth_user_user_permissions
    ADD CONSTRAINT auth_user_user_permissions_user_id_a95ead1b_fk_auth_user_id FOREIGN KEY (user_id) REFERENCES public.auth_user(id) DEFERRABLE INITIALLY DEFERRED;


--
-- Name: builds_build builds_build_god_id_4bc4b50d_fk_dioses_god_id; Type: FK CONSTRAINT; Schema: public; Owner: postgres
--

ALTER TABLE ONLY public.builds_build
    ADD CONSTRAINT builds_build_god_id_4bc4b50d_fk_dioses_god_id FOREIGN KEY (god_id) REFERENCES public.dioses_god(id) DEFERRABLE INITIALLY DEFERRED;


--
-- Name: builds_build_passive_items builds_build_passive_items_build_id_19a2eb6b_fk_builds_build_id; Type: FK CONSTRAINT; Schema: public; Owner: postgres
--

ALTER TABLE ONLY public.builds_build_passive_items
    ADD CONSTRAINT builds_build_passive_items_build_id_19a2eb6b_fk_builds_build_id FOREIGN KEY (build_id) REFERENCES public.builds_build(id) DEFERRABLE INITIALLY DEFERRED;


--
-- Name: builds_build_passive_items builds_build_passive_items_item_id_ec320174_fk_objetos_item_id; Type: FK CONSTRAINT; Schema: public; Owner: postgres
--

ALTER TABLE ONLY public.builds_build_passive_items
    ADD CONSTRAINT builds_build_passive_items_item_id_ec320174_fk_objetos_item_id FOREIGN KEY (item_id) REFERENCES public.objetos_item(id) DEFERRABLE INITIALLY DEFERRED;


--
-- Name: builds_build_relics builds_build_relics_build_id_13b0c10c_fk_builds_build_id; Type: FK CONSTRAINT; Schema: public; Owner: postgres
--

ALTER TABLE ONLY public.builds_build_relics
    ADD CONSTRAINT builds_build_relics_build_id_13b0c10c_fk_builds_build_id FOREIGN KEY (build_id) REFERENCES public.builds_build(id) DEFERRABLE INITIALLY DEFERRED;


--
-- Name: builds_build_relics builds_build_relics_item_id_66afddcb_fk_objetos_item_id; Type: FK CONSTRAINT; Schema: public; Owner: postgres
--

ALTER TABLE ONLY public.builds_build_relics
    ADD CONSTRAINT builds_build_relics_item_id_66afddcb_fk_objetos_item_id FOREIGN KEY (item_id) REFERENCES public.objetos_item(id) DEFERRABLE INITIALLY DEFERRED;


--
-- Name: builds_build builds_build_starter_item_id_a9ec48f5_fk_objetos_item_id; Type: FK CONSTRAINT; Schema: public; Owner: postgres
--

ALTER TABLE ONLY public.builds_build
    ADD CONSTRAINT builds_build_starter_item_id_a9ec48f5_fk_objetos_item_id FOREIGN KEY (starter_item_id) REFERENCES public.objetos_item(id) DEFERRABLE INITIALLY DEFERRED;


--
-- Name: builds_build builds_build_user_id_a3504172_fk_auth_user_id; Type: FK CONSTRAINT; Schema: public; Owner: postgres
--

ALTER TABLE ONLY public.builds_build
    ADD CONSTRAINT builds_build_user_id_a3504172_fk_auth_user_id FOREIGN KEY (user_id) REFERENCES public.auth_user(id) DEFERRABLE INITIALLY DEFERRED;


--
-- Name: builds_buildrating builds_buildrating_build_id_226c82e8_fk_builds_build_id; Type: FK CONSTRAINT; Schema: public; Owner: postgres
--

ALTER TABLE ONLY public.builds_buildrating
    ADD CONSTRAINT builds_buildrating_build_id_226c82e8_fk_builds_build_id FOREIGN KEY (build_id) REFERENCES public.builds_build(id) DEFERRABLE INITIALLY DEFERRED;


--
-- Name: builds_buildrating builds_buildrating_user_id_232d999e_fk_auth_user_id; Type: FK CONSTRAINT; Schema: public; Owner: postgres
--

ALTER TABLE ONLY public.builds_buildrating
    ADD CONSTRAINT builds_buildrating_user_id_232d999e_fk_auth_user_id FOREIGN KEY (user_id) REFERENCES public.auth_user(id) DEFERRABLE INITIALLY DEFERRED;


--
-- Name: chat_chatroom_participants chat_chatroom_partic_chatroom_id_9c40ed95_fk_chat_chat; Type: FK CONSTRAINT; Schema: public; Owner: postgres
--

ALTER TABLE ONLY public.chat_chatroom_participants
    ADD CONSTRAINT chat_chatroom_partic_chatroom_id_9c40ed95_fk_chat_chat FOREIGN KEY (chatroom_id) REFERENCES public.chat_chatroom(id) DEFERRABLE INITIALLY DEFERRED;


--
-- Name: chat_chatroom_participants chat_chatroom_participants_user_id_9f2b6693_fk_auth_user_id; Type: FK CONSTRAINT; Schema: public; Owner: postgres
--

ALTER TABLE ONLY public.chat_chatroom_participants
    ADD CONSTRAINT chat_chatroom_participants_user_id_9f2b6693_fk_auth_user_id FOREIGN KEY (user_id) REFERENCES public.auth_user(id) DEFERRABLE INITIALLY DEFERRED;


--
-- Name: chat_message chat_message_chat_room_id_bee2301e_fk_chat_chatroom_id; Type: FK CONSTRAINT; Schema: public; Owner: postgres
--

ALTER TABLE ONLY public.chat_message
    ADD CONSTRAINT chat_message_chat_room_id_bee2301e_fk_chat_chatroom_id FOREIGN KEY (chat_room_id) REFERENCES public.chat_chatroom(id) DEFERRABLE INITIALLY DEFERRED;


--
-- Name: chat_message chat_message_sender_id_991c686c_fk_auth_user_id; Type: FK CONSTRAINT; Schema: public; Owner: postgres
--

ALTER TABLE ONLY public.chat_message
    ADD CONSTRAINT chat_message_sender_id_991c686c_fk_auth_user_id FOREIGN KEY (sender_id) REFERENCES public.auth_user(id) DEFERRABLE INITIALLY DEFERRED;


--
-- Name: dioses_god_abilities dioses_god_abilities_ability_id_ef47db4c_fk_dioses_ability_id; Type: FK CONSTRAINT; Schema: public; Owner: postgres
--

ALTER TABLE ONLY public.dioses_god_abilities
    ADD CONSTRAINT dioses_god_abilities_ability_id_ef47db4c_fk_dioses_ability_id FOREIGN KEY (ability_id) REFERENCES public.dioses_ability(id) DEFERRABLE INITIALLY DEFERRED;


--
-- Name: dioses_god_abilities dioses_god_abilities_god_id_23263778_fk_dioses_god_id; Type: FK CONSTRAINT; Schema: public; Owner: postgres
--

ALTER TABLE ONLY public.dioses_god_abilities
    ADD CONSTRAINT dioses_god_abilities_god_id_23263778_fk_dioses_god_id FOREIGN KEY (god_id) REFERENCES public.dioses_god(id) DEFERRABLE INITIALLY DEFERRED;


--
-- Name: django_admin_log django_admin_log_content_type_id_c4bce8eb_fk_django_co; Type: FK CONSTRAINT; Schema: public; Owner: postgres
--

ALTER TABLE ONLY public.django_admin_log
    ADD CONSTRAINT django_admin_log_content_type_id_c4bce8eb_fk_django_co FOREIGN KEY (content_type_id) REFERENCES public.django_content_type(id) DEFERRABLE INITIALLY DEFERRED;


--
-- Name: django_admin_log django_admin_log_user_id_c564eba6_fk_auth_user_id; Type: FK CONSTRAINT; Schema: public; Owner: postgres
--

ALTER TABLE ONLY public.django_admin_log
    ADD CONSTRAINT django_admin_log_user_id_c564eba6_fk_auth_user_id FOREIGN KEY (user_id) REFERENCES public.auth_user(id) DEFERRABLE INITIALLY DEFERRED;


--
-- Name: forum_comment forum_comment_author_id_9e60eecd_fk_auth_user_id; Type: FK CONSTRAINT; Schema: public; Owner: postgres
--

ALTER TABLE ONLY public.forum_comment
    ADD CONSTRAINT forum_comment_author_id_9e60eecd_fk_auth_user_id FOREIGN KEY (author_id) REFERENCES public.auth_user(id) DEFERRABLE INITIALLY DEFERRED;


--
-- Name: forum_comment forum_comment_post_id_eb329692_fk_forum_post_id; Type: FK CONSTRAINT; Schema: public; Owner: postgres
--

ALTER TABLE ONLY public.forum_comment
    ADD CONSTRAINT forum_comment_post_id_eb329692_fk_forum_post_id FOREIGN KEY (post_id) REFERENCES public.forum_post(id) DEFERRABLE INITIALLY DEFERRED;


--
-- Name: forum_post forum_post_author_id_609b7963_fk_auth_user_id; Type: FK CONSTRAINT; Schema: public; Owner: postgres
--

ALTER TABLE ONLY public.forum_post
    ADD CONSTRAINT forum_post_author_id_609b7963_fk_auth_user_id FOREIGN KEY (author_id) REFERENCES public.auth_user(id) DEFERRABLE INITIALLY DEFERRED;


--
-- Name: forum_post forum_post_category_id_202e3ede_fk_forum_category_id; Type: FK CONSTRAINT; Schema: public; Owner: postgres
--

ALTER TABLE ONLY public.forum_post
    ADD CONSTRAINT forum_post_category_id_202e3ede_fk_forum_category_id FOREIGN KEY (category_id) REFERENCES public.forum_category(id) DEFERRABLE INITIALLY DEFERRED;


--
-- Name: gamemodes_gamemode_jungle_camps gamemodes_gamemode_j_gamemode_id_7c9e6a9e_fk_gamemodes; Type: FK CONSTRAINT; Schema: public; Owner: postgres
--

ALTER TABLE ONLY public.gamemodes_gamemode_jungle_camps
    ADD CONSTRAINT gamemodes_gamemode_j_gamemode_id_7c9e6a9e_fk_gamemodes FOREIGN KEY (gamemode_id) REFERENCES public.gamemodes_gamemode(id) DEFERRABLE INITIALLY DEFERRED;


--
-- Name: gamemodes_gamemode_jungle_camps gamemodes_gamemode_j_junglecamp_id_3477d77c_fk_gamemodes; Type: FK CONSTRAINT; Schema: public; Owner: postgres
--

ALTER TABLE ONLY public.gamemodes_gamemode_jungle_camps
    ADD CONSTRAINT gamemodes_gamemode_j_junglecamp_id_3477d77c_fk_gamemodes FOREIGN KEY (junglecamp_id) REFERENCES public.gamemodes_junglecamp(id) DEFERRABLE INITIALLY DEFERRED;


--
-- Name: news_abilitybalance news_abilitybalance_ability_id_c6b4791e_fk_dioses_ability_id; Type: FK CONSTRAINT; Schema: public; Owner: postgres
--

ALTER TABLE ONLY public.news_abilitybalance
    ADD CONSTRAINT news_abilitybalance_ability_id_c6b4791e_fk_dioses_ability_id FOREIGN KEY (ability_id) REFERENCES public.dioses_ability(id) DEFERRABLE INITIALLY DEFERRED;


--
-- Name: news_abilitybalance news_abilitybalance_god_balance_id_8bfee844_fk_news_godb; Type: FK CONSTRAINT; Schema: public; Owner: postgres
--

ALTER TABLE ONLY public.news_abilitybalance
    ADD CONSTRAINT news_abilitybalance_god_balance_id_8bfee844_fk_news_godb FOREIGN KEY (god_balance_id) REFERENCES public.news_godbalance(id) DEFERRABLE INITIALLY DEFERRED;


--
-- Name: news_godbalance news_godbalance_god_id_8e999619_fk_dioses_god_id; Type: FK CONSTRAINT; Schema: public; Owner: postgres
--

ALTER TABLE ONLY public.news_godbalance
    ADD CONSTRAINT news_godbalance_god_id_8e999619_fk_dioses_god_id FOREIGN KEY (god_id) REFERENCES public.dioses_god(id) DEFERRABLE INITIALLY DEFERRED;


--
-- Name: news_godbalance news_godbalance_patch_id_0991ed5e_fk_news_patchnotes_id; Type: FK CONSTRAINT; Schema: public; Owner: postgres
--

ALTER TABLE ONLY public.news_godbalance
    ADD CONSTRAINT news_godbalance_patch_id_0991ed5e_fk_news_patchnotes_id FOREIGN KEY (patch_id) REFERENCES public.news_patchnotes(id) DEFERRABLE INITIALLY DEFERRED;


--
-- Name: news_itembalance news_itembalance_item_id_424fff09_fk_objetos_item_id; Type: FK CONSTRAINT; Schema: public; Owner: postgres
--

ALTER TABLE ONLY public.news_itembalance
    ADD CONSTRAINT news_itembalance_item_id_424fff09_fk_objetos_item_id FOREIGN KEY (item_id) REFERENCES public.objetos_item(id) DEFERRABLE INITIALLY DEFERRED;


--
-- Name: news_itembalance news_itembalance_patch_id_c8847ed5_fk_news_patchnotes_id; Type: FK CONSTRAINT; Schema: public; Owner: postgres
--

ALTER TABLE ONLY public.news_itembalance
    ADD CONSTRAINT news_itembalance_patch_id_c8847ed5_fk_news_patchnotes_id FOREIGN KEY (patch_id) REFERENCES public.news_patchnotes(id) DEFERRABLE INITIALLY DEFERRED;


--
-- Name: objetos_item_categories objetos_item_categor_itemcategory_id_eee66563_fk_objetos_i; Type: FK CONSTRAINT; Schema: public; Owner: postgres
--

ALTER TABLE ONLY public.objetos_item_categories
    ADD CONSTRAINT objetos_item_categor_itemcategory_id_eee66563_fk_objetos_i FOREIGN KEY (itemcategory_id) REFERENCES public.objetos_itemcategory(id) DEFERRABLE INITIALLY DEFERRED;


--
-- Name: objetos_item_categories objetos_item_categories_item_id_22f7c98b_fk_objetos_item_id; Type: FK CONSTRAINT; Schema: public; Owner: postgres
--

ALTER TABLE ONLY public.objetos_item_categories
    ADD CONSTRAINT objetos_item_categories_item_id_22f7c98b_fk_objetos_item_id FOREIGN KEY (item_id) REFERENCES public.objetos_item(id) DEFERRABLE INITIALLY DEFERRED;


--
-- Name: objetos_item objetos_item_from_item_id_79a3a028_fk_objetos_item_id; Type: FK CONSTRAINT; Schema: public; Owner: postgres
--

ALTER TABLE ONLY public.objetos_item
    ADD CONSTRAINT objetos_item_from_item_id_79a3a028_fk_objetos_item_id FOREIGN KEY (from_item_id) REFERENCES public.objetos_item(id) DEFERRABLE INITIALLY DEFERRED;


--
-- Name: randomizer_randomizerhistory randomizer_randomize_build_id_651b2011_fk_builds_bu; Type: FK CONSTRAINT; Schema: public; Owner: postgres
--

ALTER TABLE ONLY public.randomizer_randomizerhistory
    ADD CONSTRAINT randomizer_randomize_build_id_651b2011_fk_builds_bu FOREIGN KEY (build_id) REFERENCES public.builds_build(id) DEFERRABLE INITIALLY DEFERRED;


--
-- Name: randomizer_randomizerhistory randomizer_randomizerhistory_god_id_66644bc8_fk_dioses_god_id; Type: FK CONSTRAINT; Schema: public; Owner: postgres
--

ALTER TABLE ONLY public.randomizer_randomizerhistory
    ADD CONSTRAINT randomizer_randomizerhistory_god_id_66644bc8_fk_dioses_god_id FOREIGN KEY (god_id) REFERENCES public.dioses_god(id) DEFERRABLE INITIALLY DEFERRED;


--
-- Name: randomizer_randomizerhistory randomizer_randomizerhistory_user_id_80dc2d8b_fk_auth_user_id; Type: FK CONSTRAINT; Schema: public; Owner: postgres
--

ALTER TABLE ONLY public.randomizer_randomizerhistory
    ADD CONSTRAINT randomizer_randomizerhistory_user_id_80dc2d8b_fk_auth_user_id FOREIGN KEY (user_id) REFERENCES public.auth_user(id) DEFERRABLE INITIALLY DEFERRED;


--
-- Name: stats_godstat stats_godstat_god_id_b612c0b1_fk_dioses_god_id; Type: FK CONSTRAINT; Schema: public; Owner: postgres
--

ALTER TABLE ONLY public.stats_godstat
    ADD CONSTRAINT stats_godstat_god_id_b612c0b1_fk_dioses_god_id FOREIGN KEY (god_id) REFERENCES public.dioses_god(id) DEFERRABLE INITIALLY DEFERRED;


--
-- Name: stats_itemstat stats_itemstat_item_id_155f5ed2_fk_objetos_item_id; Type: FK CONSTRAINT; Schema: public; Owner: postgres
--

ALTER TABLE ONLY public.stats_itemstat
    ADD CONSTRAINT stats_itemstat_item_id_155f5ed2_fk_objetos_item_id FOREIGN KEY (item_id) REFERENCES public.objetos_item(id) DEFERRABLE INITIALLY DEFERRED;


--
-- Name: tierlist_tier tierlist_tier_god_id_13a55bf6_fk_dioses_god_id; Type: FK CONSTRAINT; Schema: public; Owner: postgres
--

ALTER TABLE ONLY public.tierlist_tier
    ADD CONSTRAINT tierlist_tier_god_id_13a55bf6_fk_dioses_god_id FOREIGN KEY (god_id) REFERENCES public.dioses_god(id) DEFERRABLE INITIALLY DEFERRED;


--
-- Name: tierlist_tier tierlist_tier_tierlist_id_1c425e87_fk_tierlist_tierlist_id; Type: FK CONSTRAINT; Schema: public; Owner: postgres
--

ALTER TABLE ONLY public.tierlist_tier
    ADD CONSTRAINT tierlist_tier_tierlist_id_1c425e87_fk_tierlist_tierlist_id FOREIGN KEY (tierlist_id) REFERENCES public.tierlist_tierlist(id) DEFERRABLE INITIALLY DEFERRED;


--
-- Name: tierlist_tierlist tierlist_tierlist_user_id_cb15c1fb_fk_auth_user_id; Type: FK CONSTRAINT; Schema: public; Owner: postgres
--

ALTER TABLE ONLY public.tierlist_tierlist
    ADD CONSTRAINT tierlist_tierlist_user_id_cb15c1fb_fk_auth_user_id FOREIGN KEY (user_id) REFERENCES public.auth_user(id) DEFERRABLE INITIALLY DEFERRED;


--
-- Name: tierlist_tierlistcomment tierlist_tierlistcom_tierlist_id_2a46b68e_fk_tierlist_; Type: FK CONSTRAINT; Schema: public; Owner: postgres
--

ALTER TABLE ONLY public.tierlist_tierlistcomment
    ADD CONSTRAINT tierlist_tierlistcom_tierlist_id_2a46b68e_fk_tierlist_ FOREIGN KEY (tierlist_id) REFERENCES public.tierlist_tierlist(id) DEFERRABLE INITIALLY DEFERRED;


--
-- Name: tierlist_tierlistcomment tierlist_tierlistcomment_user_id_a2462ed4_fk_auth_user_id; Type: FK CONSTRAINT; Schema: public; Owner: postgres
--

ALTER TABLE ONLY public.tierlist_tierlistcomment
    ADD CONSTRAINT tierlist_tierlistcomment_user_id_a2462ed4_fk_auth_user_id FOREIGN KEY (user_id) REFERENCES public.auth_user(id) DEFERRABLE INITIALLY DEFERRED;


--
-- PostgreSQL database dump complete
--

